"","X","SpecID","PassNonPass","IOCOrder","BLFamilyLatin","BLFamilyEnglish","BLFamSequID","Taxo","Scientific","English","Diet.Inv","Diet.Vend","Diet.Vect","Diet.Vfish","Diet.Vunk","Diet.Scav","Diet.Fruit","Diet.Nect","Diet.Seed","Diet.PlantO","Diet.5Cat","Diet.Source","Diet.Certainty","Diet.EnteredBy","ForStrat.watbelowsurf","ForStrat.wataroundsurf","ForStrat.ground","ForStrat.understory","ForStrat.midhigh","ForStrat.canopy","ForStrat.aerial","PelagicSpecialist","ForStrat.Source","ForStrat.SpecLevel","ForStrat.EnteredBy","Nocturnal","BodyMass.Value","BodyMass.Source","BodyMass.SpecLevel","BodyMass.Comment","Record.Comment","scientificName","assessmentId","internalTaxonId","kingdomName","phylumName","orderName","className","familyName","genusName","speciesName","authority","redlistCategory","populationTrend","scopes"
"1",1,106,"Nonpasseriformes","Tinamiformes","Tinamidae","Tinamous",1,"BL3","Nothura chacoensis","Chaco Nothura",40,0,0,0,0,0,20,0,40,0,"Omnivore","Ref_1","D1","Jennifer",0,0,100,0,0,0,0,0,"Genus",0,"Walter",0,226.08,"GenAvg",0,"","","",NA,NA,NA,NA,NA,NA,NA,NA,NA,NA,NA,NA,NA
"2",12,263,"Nonpasseriformes","Galliformes","Phasianidae","Grouse, pheasants and partridges",11,"BL3","Francolinus psilolaemus","Moorland Francolin",0,0,0,0,0,0,0,0,0,100,"PlantSeed","Ref_2","C","Jennifer",0,0,100,0,0,0,0,0,"Ref_2",1,"Jessica",0,478.33,"Dunning08",1,"","","",NA,NA,NA,NA,NA,NA,NA,NA,NA,NA,NA,NA,NA
"3",13,264,"Nonpasseriformes","Galliformes","Phasianidae","Grouse, pheasants and partridges",11,"BL3","Francolinus shelleyi","Shelley's Francolin",30,0,0,0,0,0,0,0,20,50,"PlantSeed","Ref_2","A","Jennifer",0,0,100,0,0,0,0,0,"Ref_2",1,"Jessica",0,488,"Dunning08",1,"","","",NA,NA,NA,NA,NA,NA,NA,NA,NA,NA,NA,NA,NA
"4",34,289,"Nonpasseriformes","Galliformes","Phasianidae","Grouse, pheasants and partridges",11,"BL3","Francolinus castaneicollis","Chestnut-naped Francolin",50,0,0,0,0,0,0,0,50,0,"Omnivore","Ref_2","A","Jennifer",0,0,70,30,0,0,0,0,"Ref_2",1,"Jessica",0,791.53,"Dunning08",1,"","","",NA,NA,NA,NA,NA,NA,NA,NA,NA,NA,NA,NA,NA
"5",41,313,"Nonpasseriformes","Galliformes","Phasianidae","Grouse, pheasants and partridges",11,"BL3","Coturnix chinensis","Blue Quail",30,0,0,0,0,0,0,0,40,30,"PlantSeed","Ref_2","A","Jennifer",0,0,100,0,0,0,0,0,"Ref_2",1,"Jessica",0,40.41,"Dunning08",1,"","","",NA,NA,NA,NA,NA,NA,NA,NA,NA,NA,NA,NA,NA
"6",45,417,"Nonpasseriformes","Galliformes","Phasianidae","Grouse, pheasants and partridges",11,"BL3","Dendragapus canadensis","Spruce Grouse",0,0,0,0,0,0,10,0,0,90,"PlantSeed","Ref_2","A","Jennifer",0,0,100,0,0,0,0,0,"Ref_2",1,"Jessica",0,473.65,"Dunning08",1,"","","",NA,NA,NA,NA,NA,NA,NA,NA,NA,NA,NA,NA,NA
"7",70,823,"Nonpasseriformes","Piciformes","Indicatoridae","Honeyguides",94,"IOC27","Indicator conirostris","Thick-billed Honeyguide",30,0,0,0,0,0,20,50,0,0,"FruiNect","Ref_7","A","Jennifer",0,0,0,40,40,10,10,0,"Ref_7",1,"Jessica",0,31.8,"Dunning08",1,"","","",NA,NA,NA,NA,NA,NA,NA,NA,NA,NA,NA,NA,NA
"8",75,926,"Nonpasseriformes","Piciformes","Picidae","Woodpeckers",95,"BL3","Mesopicos elliotii","Elliot's Woodpecker",100,0,0,0,0,0,0,0,0,0,"Invertebrate","Ref_7","A","Jennifer",0,0,0,33,33,33,0,0,"Ref_7",1,"Jessica",0,37.2,"Dunning08",1,"","","",NA,NA,NA,NA,NA,NA,NA,NA,NA,NA,NA,NA,NA
"9",76,927,"Nonpasseriformes","Piciformes","Picidae","Woodpeckers",95,"BL3","Mesopicos goertae","Grey Woodpecker",90,0,0,0,0,0,0,0,10,0,"Invertebrate","Ref_7","A","Jennifer",0,0,0,0,100,0,0,0,"Ref_7",1,"Jessica",0,44.48,"Dunning08",1,"","","",NA,NA,NA,NA,NA,NA,NA,NA,NA,NA,NA,NA,NA
"10",88,944,"Nonpasseriformes","Piciformes","Picidae","Woodpeckers",95,"BL3","Dendrocopos cathpharius","Crimson-breasted Woodpecker",70,0,0,0,0,0,0,30,0,0,"Invertebrate","Ref_7","A","Jennifer",0,0,0,50,50,0,0,0,"Ref_7",1,"Jessica",0,30.74,"Dunning08",1,"","","",NA,NA,NA,NA,NA,NA,NA,NA,NA,NA,NA,NA,NA
"11",97,969,"Nonpasseriformes","Piciformes","Picidae","Woodpeckers",95,"BL3","Picoides dorsalis","American Three-toed Woodpecker",90,0,0,0,0,0,0,10,0,0,"Invertebrate","Ref_7","A","Jennifer",0,0,10,20,70,0,0,0,"Ref_7",1,"Jessica",0,55.05,"Dunning08",1,"","","",NA,NA,NA,NA,NA,NA,NA,NA,NA,NA,NA,NA,NA
"12",100,1011,"Nonpasseriformes","Piciformes","Picidae","Woodpeckers",95,"BL3","Celeus grammicus","Scaly-breasted Woodpecker",50,0,0,0,0,0,50,0,0,0,"Omnivore","Ref_7","A","Jennifer",0,0,0,0,80,20,0,0,"Ref_7",1,"Jessica",0,73.44,"Dunning08",1,"","","",NA,NA,NA,NA,NA,NA,NA,NA,NA,NA,NA,NA,NA
"13",103,1022,"Nonpasseriformes","Piciformes","Picidae","Woodpeckers",95,"BL3","Dryocopus lineatus","Lineated Woodpecker",80,0,0,0,0,0,10,0,10,0,"Invertebrate","Ref_7","A","Jennifer",0,0,20,20,60,0,0,0,"Ref_7",1,"Jessica",0,183.19,"Dunning08",1,"","","",NA,NA,NA,NA,NA,NA,NA,NA,NA,NA,NA,NA,NA
"14",107,1042,"Nonpasseriformes","Piciformes","Picidae","Woodpeckers",95,"BL3","Picus mentalis","Checker-throated Woodpecker",90,0,0,0,0,0,10,0,0,0,"Invertebrate","Ref_7","A","Jennifer",0,0,0,0,100,0,0,0,"Ref_7",1,"Jessica",0,99.73,"Dunning08",1,"","","",NA,NA,NA,NA,NA,NA,NA,NA,NA,NA,NA,NA,NA
"15",121,1090,"Nonpasseriformes","Piciformes","Ramphastidae","Toucans and barbets",93,"BL3","Megalaima franklinii","Golden-throated Barbet",10,0,0,0,0,0,90,0,0,0,"FruiNect","Ref_7","A","Jennifer",0,0,0,20,40,40,0,0,"Ref_7",1,"Jessica",0,63.5,"Dunning08",1,"","","",NA,NA,NA,NA,NA,NA,NA,NA,NA,NA,NA,NA,NA
"16",122,1091,"Nonpasseriformes","Piciformes","Ramphastidae","Toucans and barbets",93,"BL3","Megalaima oorti","Black-browed Barbet",10,0,0,0,0,0,90,0,0,0,"FruiNect","Ref_7","A","Jennifer",0,0,0,0,40,60,0,0,"Ref_7",1,"Jessica",0,87.69,"Dunning08",1,"","","",NA,NA,NA,NA,NA,NA,NA,NA,NA,NA,NA,NA,NA
"17",123,1092,"Nonpasseriformes","Piciformes","Ramphastidae","Toucans and barbets",93,"BL3","Megalaima asiatica","Blue-throated Barbet",30,0,0,0,0,0,50,0,0,20,"Omnivore","Ref_7","A","Jennifer",0,0,0,20,20,60,0,0,"Ref_7",1,"Jessica",0,90.5,"Dunning08",1,"","","",NA,NA,NA,NA,NA,NA,NA,NA,NA,NA,NA,NA,NA
"18",129,1098,"Nonpasseriformes","Piciformes","Ramphastidae","Toucans and barbets",93,"BL3","Megalaima australis","Blue-eared Barbet",30,0,0,0,0,0,70,0,0,0,"FruiNect","Ref_7","A","Jennifer",0,0,0,0,50,50,0,0,"Ref_7",1,"Jessica",0,33.3,"Dunning08",1,"","","",NA,NA,NA,NA,NA,NA,NA,NA,NA,NA,NA,NA,NA
"19",131,1101,"Nonpasseriformes","Piciformes","Ramphastidae","Toucans and barbets",93,"BL3","Megalaima rubricapillus","Crimson-fronted Barbet",40,0,0,0,0,0,60,0,0,0,"FruiNect","Ref_7","A","Jennifer",0,0,0,0,50,50,0,0,"Ref_7",1,"Jessica",0,37.6,"Dunning08",1,"","","",NA,NA,NA,NA,NA,NA,NA,NA,NA,NA,NA,NA,NA
"20",133,1103,"Nonpasseriformes","Piciformes","Ramphastidae","Toucans and barbets",93,"BL3","Calorhamphus fuliginosus","Brown Barbet",30,0,0,0,0,0,70,0,0,0,"FruiNect","Ref_7","A","Jennifer",0,0,0,33,33,33,0,0,"Ref_7",1,"Jessica",0,42.6,"Dunning08",1,"","","",NA,NA,NA,NA,NA,NA,NA,NA,NA,NA,NA,NA,NA
"21",137,1143,"Nonpasseriformes","Piciformes","Ramphastidae","Toucans and barbets",93,"BL3","Lybius minor","Black-backed Barbet",40,0,0,0,0,0,60,0,0,0,"FruiNect","Ref_7","A","Jennifer",0,0,25,25,25,25,0,0,"Ref_7",1,"Jessica",0,46.7,"Dunning08",1,"","","",NA,NA,NA,NA,NA,NA,NA,NA,NA,NA,NA,NA,NA
"22",141,1147,"Nonpasseriformes","Piciformes","Ramphastidae","Toucans and barbets",93,"BL3","Trachyphonus purpuratus","Yellow-billed Barbet",50,0,0,0,0,0,20,0,0,30,"Omnivore","Ref_7","A","Jennifer",0,0,40,30,30,0,0,0,"Ref_7",1,"Jessica",0,76.1,"Dunning08",1,"","","",NA,NA,NA,NA,NA,NA,NA,NA,NA,NA,NA,NA,NA
"23",146,1304,"Nonpasseriformes","Bucerotiformes","Bucerotidae","Hornbills",91,"BL3","Tropicranus albocristatus","White-crested Hornbill",60,10,10,0,0,0,20,0,0,0,"Invertebrate","Ref_6","A","Hamish",0,0,10,10,70,10,0,0,"Ref_6",1,"Other",0,289.4,"Dunning08",1,"","","",NA,NA,NA,NA,NA,NA,NA,NA,NA,NA,NA,NA,NA
"24",147,1306,"Nonpasseriformes","Bucerotiformes","Bucerotidae","Hornbills",91,"BL3","Tockus hartlaubi","Black Dwarf Hornbill",80,0,20,0,0,0,0,0,0,0,"Invertebrate","Ref_6","A","Hamish",0,0,10,0,60,20,10,0,"Ref_6",1,"Christian",0,98.49,"Dunning08",1,"","","",NA,NA,NA,NA,NA,NA,NA,NA,NA,NA,NA,NA,NA
"25",151,1316,"Nonpasseriformes","Bucerotiformes","Bucerotidae","Hornbills",91,"BL3","Tockus fasciatus","African Pied Hornbill",40,10,10,0,0,0,40,0,0,0,"Omnivore","Ref_6","A","Hamish",0,0,10,10,40,30,10,0,"Ref_6",1,"Other",0,258.83,"Dunning08",1,"","","",NA,NA,NA,NA,NA,NA,NA,NA,NA,NA,NA,NA,NA
"26",173,1553,"Nonpasseriformes","Coraciiformes","Alcedinidae","Kingfishers",85,"BL3","Alcedo cyanopectus","Indigo-banded Kingfisher",50,0,0,50,0,0,0,0,0,0,"Omnivore","Ref_6","A","Hamish",100,0,0,0,0,0,0,0,"Ref_6",1,"Christian",0,21.5,"Dunning08",1,"","","",NA,NA,NA,NA,NA,NA,NA,NA,NA,NA,NA,NA,NA
"27",174,1554,"Nonpasseriformes","Coraciiformes","Alcedinidae","Kingfishers",85,"BL3","Alcedo argentata","Silvery Kingfisher",50,0,0,50,0,0,0,0,0,0,"Omnivore","Ref_6","A","Hamish",100,0,0,0,0,0,0,0,"Ref_6",1,"Christian",0,17.84,"Dunning08",1,"","","",NA,NA,NA,NA,NA,NA,NA,NA,NA,NA,NA,NA,NA
"28",175,1555,"Nonpasseriformes","Coraciiformes","Alcedinidae","Kingfishers",85,"BL3","Alcedo cristata","Malachite Kingfisher",40,0,30,30,0,0,0,0,0,0,"VertFishScav","Ref_6","A","Hamish",60,20,10,10,0,0,0,0,"Ref_6",1,"Christian",0,15.7,"Dunning08",1,"","","",NA,NA,NA,NA,NA,NA,NA,NA,NA,NA,NA,NA,NA
"29",183,1737,"Nonpasseriformes","Cuculiformes","Cuculidae","Cuckoos",67,"BL3","Cuculus sparverioides","Large Hawk-cuckoo",90,0,0,0,0,0,10,0,0,0,"Invertebrate","Ref_4","A","Carolina",0,0,0,0,40,60,0,0,"Ref_4",1,"Jessica",0,151,"Dunning08",1,"","","",NA,NA,NA,NA,NA,NA,NA,NA,NA,NA,NA,NA,NA
"30",186,1740,"Nonpasseriformes","Cuculiformes","Cuculidae","Cuckoos",67,"BL3","Cuculus fugax","Hodgson's Hawk-cuckoo",80,0,0,0,0,0,20,0,0,0,"Invertebrate","Ref_4","A","Carolina",0,0,0,100,0,0,0,0,"Ref_4",1,"Jessica",0,79.7,"Dunning08",1,"","","",NA,NA,NA,NA,NA,NA,NA,NA,NA,NA,NA,NA,NA
"31",188,1763,"Nonpasseriformes","Cuculiformes","Cuculidae","Cuckoos",67,"BL3","Cacomantis heinrichi","Moluccan Cuckoo",100,0,0,0,0,0,0,0,0,0,"Invertebrate","Ref_4","C","Carolina",0,0,20,20,40,20,0,0,"Ref_4",1,"Jessica",0,34.14,"GenAvg",0,"","","",NA,NA,NA,NA,NA,NA,NA,NA,NA,NA,NA,NA,NA
"32",190,1766,"Nonpasseriformes","Cuculiformes","Cuculidae","Cuckoos",67,"BL3","Chrysococcyx minutillus","Little Bronze-cuckoo",100,0,0,0,0,0,0,0,0,0,"Invertebrate","Ref_4","A","Carolina",0,0,0,0,20,80,0,0,"Ref_4",1,"Jessica",0,18.6,"Dunning08",1,"","","",NA,NA,NA,NA,NA,NA,NA,NA,NA,NA,NA,NA,NA
"33",216,2171,"Nonpasseriformes","Psittaciformes","Psittacidae","Parrots",68,"BL3","Aratinga holochlora","Green Parakeet",0,0,0,0,0,0,50,0,50,0,"Omnivore","Ref_4","A","Carolina",0,0,0,50,50,0,0,0,"Ref_4",1,"Jessica",0,138,"Dunning08",1,"","","",NA,NA,NA,NA,NA,NA,NA,NA,NA,NA,NA,NA,NA
"34",217,2172,"Nonpasseriformes","Psittaciformes","Psittacidae","Parrots",68,"BL3","Aratinga brevipes","Socorro Parakeet",0,0,0,0,0,0,60,0,40,0,"FruiNect","Ref_4","A","Carolina",0,0,0,30,60,10,0,0,"Ref_4",1,"Other",0,177,"Dunning08",1,"","","",NA,NA,NA,NA,NA,NA,NA,NA,NA,NA,NA,NA,NA
"35",219,2175,"Nonpasseriformes","Psittaciformes","Psittacidae","Parrots",68,"BL3","Aratinga wagleri","Scarlet-fronted Parakeet",0,0,0,0,0,0,0,0,100,0,"PlantSeed","Ref_4","B","Carolina",0,0,50,50,0,0,0,0,"Ref_4",1,"Jessica",0,194,"Dunning08",1,"","","",NA,NA,NA,NA,NA,NA,NA,NA,NA,NA,NA,NA,NA
"36",226,2189,"Nonpasseriformes","Psittaciformes","Psittacidae","Parrots",68,"BL3","Aratinga nana","Olive-throated Parakeet",0,0,0,0,0,0,60,0,0,40,"FruiNect","Ref_4","A","Carolina",0,0,0,33,33,33,0,0,"Ref_4",1,"Jessica",0,76.9,"Dunning08",1,"","","",NA,NA,NA,NA,NA,NA,NA,NA,NA,NA,NA,NA,NA
"37",239,2357,"Nonpasseriformes","Apodiformes","Apodidae","Swifts",77,"BL3","Collocalia spodiopygia","White-rumped Swiftlet",100,0,0,0,0,0,0,0,0,0,"Invertebrate","Ref_5","A","Hamish",0,0,0,0,0,0,100,0,"Ref_5",1,"Christian",0,8.03,"Dunning08",1,"","","",NA,NA,NA,NA,NA,NA,NA,NA,NA,NA,NA,NA,NA
"38",241,2360,"Nonpasseriformes","Apodiformes","Apodidae","Swifts",77,"BL3","Collocalia brevirostris","Himalayan Swiftlet",100,0,0,0,0,0,0,0,0,0,"Invertebrate","Ref_5","A","Hamish",0,0,0,20,0,0,80,0,"Ref_5",1,"Other",0,13.42,"Dunning08",1,"","","",NA,NA,NA,NA,NA,NA,NA,NA,NA,NA,NA,NA,NA
"39",246,2369,"Nonpasseriformes","Apodiformes","Apodidae","Swifts",77,"BL3","Collocalia vanikorensis","Uniform Swiftlet",100,0,0,0,0,0,0,0,0,0,"Invertebrate","Ref_5","A","Hamish",0,0,0,0,30,0,70,0,"Ref_5",1,"Christian",0,10.7,"Dunning08",1,"","","",NA,NA,NA,NA,NA,NA,NA,NA,NA,NA,NA,NA,NA
"40",251,2374,"Nonpasseriformes","Apodiformes","Apodidae","Swifts",77,"BL3","Collocalia leucophaea","Tahiti Swiftlet",100,0,0,0,0,0,0,0,0,0,"Invertebrate","Ref_5","D1","Hamish",0,0,0,0,0,20,80,0,"Ref_5",1,"Christian",0,13.35,"GenAvg",0,"","","",NA,NA,NA,NA,NA,NA,NA,NA,NA,NA,NA,NA,NA
"41",253,2377,"Nonpasseriformes","Apodiformes","Apodidae","Swifts",77,"BL3","Collocalia fuciphaga","Edible-nest Swiftlet",100,0,0,0,0,0,0,0,0,0,"Invertebrate","Ref_5","A","Hamish",0,0,0,0,0,0,100,0,"Ref_5",1,"Christian",0,10.7,"Dunning08",1,"","","",NA,NA,NA,NA,NA,NA,NA,NA,NA,NA,NA,NA,NA
"42",255,2406,"Nonpasseriformes","Apodiformes","Apodidae","Swifts",77,"BL3","Schoutedenapus schoutedeni","Schouteden's Swift",100,0,0,0,0,0,0,0,0,0,"Invertebrate","Ref_5","D1","Hamish",0,0,30,0,0,0,70,0,"Ref_5",1,"Christian",0,26,"GenAvg",0,"","","",NA,NA,NA,NA,NA,NA,NA,NA,NA,NA,NA,NA,NA
"43",258,2570,"Nonpasseriformes","Apodiformes","Trochilidae","Hummingbirds",79,"BL3","Chlorostilbon alice","Green-tailed Emerald",10,0,0,0,0,0,0,90,0,0,"FruiNect","Ref_5","A","Hamish",0,0,0,60,40,0,0,0,"Ref_5",1,"Christian",0,3.5,"PrimScale",1,"","","",NA,NA,NA,NA,NA,NA,NA,NA,NA,NA,NA,NA,NA
"44",259,2580,"Nonpasseriformes","Apodiformes","Trochilidae","Hummingbirds",79,"BL3","Thalurania fannyi","Green-crowned Woodnymph",10,0,0,0,0,0,0,90,0,0,"FruiNect","Ref_5","A","Hamish",0,0,0,0,80,20,0,0,"Ref_5",1,"Christian",0,4.45,"PrimScale",1,"","","",NA,NA,NA,NA,NA,NA,NA,NA,NA,NA,NA,NA,NA
"45",269,2795,"Nonpasseriformes","Apodiformes","Trochilidae","Hummingbirds",79,"BL3","Calliphlox evelynae","Bahama Woodstar",10,0,0,0,0,0,0,90,0,0,"FruiNect","Ref_5","A","Hamish",0,0,0,30,30,30,10,0,"Ref_5",1,"Christian",0,2.4,"Dunning08",1,"","","",NA,NA,NA,NA,NA,NA,NA,NA,NA,NA,NA,NA,NA
"46",275,2871,"Nonpasseriformes","Strigiformes","Tytonidae","Barn owls",70,"BL3","Tyto sororcula","Lesser Masked-owl",0,100,0,0,0,0,0,0,0,0,"VertFishScav","Ref_5","D1","Hamish",0,0,60,20,20,0,0,0,"Ref_5",1,"Christian",1,521.71,"GenAvg",0,"","","",NA,NA,NA,NA,NA,NA,NA,NA,NA,NA,NA,NA,NA
"47",276,2872,"Nonpasseriformes","Strigiformes","Tytonidae","Barn owls",70,"BL3","Tyto manusi","Manus Masked-owl",0,100,0,0,0,0,0,0,0,0,"VertFishScav","Ref_5","D1","Hamish",0,0,60,20,20,0,0,0,"Ref_5",1,"Christian",1,521.71,"GenAvg",0,"","","",NA,NA,NA,NA,NA,NA,NA,NA,NA,NA,NA,NA,NA
"48",278,2931,"Nonpasseriformes","Strigiformes","Strigidae","Owls",71,"BL3","Otus leucotis","White-faced Scops-owl",10,90,0,0,0,0,0,0,0,0,"VertFishScav","Ref_5","A","Hamish",0,0,90,0,10,0,0,0,"Ref_5",1,"Christian",1,204,"Dunning08",1,"","","",NA,NA,NA,NA,NA,NA,NA,NA,NA,NA,NA,NA,NA
"49",282,2968,"Nonpasseriformes","Strigiformes","Strigidae","Owls",71,"BL3","Bubo vosseleri","Usambara Eagle-owl",60,20,20,0,0,0,0,0,0,0,"Invertebrate","Ref_5","C","Hamish",0,0,70,10,10,10,0,0,"Ref_5",1,"Other",1,822.5,"PrimScale",1,"","","",NA,NA,NA,NA,NA,NA,NA,NA,NA,NA,NA,NA,NA
"50",285,3003,"Nonpasseriformes","Strigiformes","Strigidae","Owls",71,"IOC27","Strix davidi","Pere David's Owl",30,60,10,0,0,0,0,0,0,0,"VertFishScav","Ref_5","D1","Hamish",0,0,80,20,0,0,0,0,"Ref_5",1,"Christian",1,559.09,"GenAvg",0,"","","",NA,NA,NA,NA,NA,NA,NA,NA,NA,NA,NA,NA,NA
"51",305,3235,"Nonpasseriformes","Caprimulgiformes","Caprimulgidae","Nightjars",75,"BL3","Caprimulgus vociferus","Whip-poor-will",100,0,0,0,0,0,0,0,0,0,"Invertebrate","Ref_5","A","Hamish",0,10,20,20,50,0,0,0,"Ref_5",1,"Christian",1,53.3,"Dunning08",1,"","","",NA,NA,NA,NA,NA,NA,NA,NA,NA,NA,NA,NA,NA
"52",308,3240,"Nonpasseriformes","Caprimulgiformes","Caprimulgidae","Nightjars",75,"BL3","Caprimulgus longirostris","Band-winged Nightjar",100,0,0,0,0,0,0,0,0,0,"Invertebrate","Ref_5","A","Hamish",0,0,0,50,40,0,10,0,"Ref_5",1,"Christian",1,45.6,"Dunning08",1,"","","",NA,NA,NA,NA,NA,NA,NA,NA,NA,NA,NA,NA,NA
"53",323,3385,"Nonpasseriformes","Columbiformes","Columbidae","Doves and pigeons",65,"BL3","Stigmatopelia chinensis","Spotted Dove",0,0,0,0,0,0,0,0,100,0,"PlantSeed","Ref_4","A","Carolina",0,0,100,0,0,0,0,0,"Ref_4",1,"Jessica",0,159,"Dunning08",1,"","","",NA,NA,NA,NA,NA,NA,NA,NA,NA,NA,NA,NA,NA
"54",344,3514,"Nonpasseriformes","Columbiformes","Columbidae","Doves and pigeons",65,"BL3","Gallicolumba beccarii","Bronze Ground-dove",30,0,0,0,0,0,40,0,30,0,"Omnivore","Ref_4","A","Carolina",0,0,100,0,0,0,0,0,"Ref_4",1,"Jessica",0,78.73,"Dunning08",1,"","","",NA,NA,NA,NA,NA,NA,NA,NA,NA,NA,NA,NA,NA
"55",350,3559,"Nonpasseriformes","Columbiformes","Columbidae","Doves and pigeons",65,"BL3","Ptilinopus fischeri","Red-eared Fruit-dove",0,0,0,0,0,0,100,0,0,0,"FruiNect","Ref_4","D1","Carolina",0,0,0,0,20,80,0,0,"Ref_4",1,"Jessica",0,177,"Dunning08",1,"","","",NA,NA,NA,NA,NA,NA,NA,NA,NA,NA,NA,NA,NA
"56",353,3562,"Nonpasseriformes","Columbiformes","Columbidae","Doves and pigeons",65,"BL3","Ptilinopus subgularis","Maroon-chinned Fruit-dove",0,0,0,0,0,0,100,0,0,0,"FruiNect","Ref_4","B","Carolina",0,0,0,33,33,33,0,0,"Ref_4",1,"Jessica",0,142,"Dunning08",1,"","","",NA,NA,NA,NA,NA,NA,NA,NA,NA,NA,NA,NA,NA
"57",380,3785,"Nonpasseriformes","Gruiformes","Rallidae","Rails, crakes and allies",42,"BL3","Canirallus kioloides","Madagascar Wood Rail",40,0,30,0,0,0,0,0,30,0,"Omnivore","Ref_3","A","Carolina",0,0,100,0,0,0,0,0,"Ref_3",1,"Jessica",0,246,"Dunning08",1,"","","",NA,NA,NA,NA,NA,NA,NA,NA,NA,NA,NA,NA,NA
"58",389,3823,"Nonpasseriformes","Gruiformes","Rallidae","Rails, crakes and allies",42,"BL3","Nesoclopeus woodfordi","Woodford's Rail",40,0,30,0,0,0,0,0,0,30,"Omnivore","Ref_3","A","Carolina",0,0,100,0,0,0,0,0,"Ref_3",1,"Jessica",0,553.16,"Dunning08",1,"","","",NA,NA,NA,NA,NA,NA,NA,NA,NA,NA,NA,NA,NA
"59",399,3868,"Nonpasseriformes","Gruiformes","Rallidae","Rails, crakes and allies",42,"BL3","Aramides cajanea","Grey-necked Wood-rail",50,0,20,0,0,0,10,0,10,10,"Omnivore","Ref_3","A","Jennifer",0,50,50,0,0,0,0,0,"Ref_3",1,"Jessica",0,397,"Dunning08",1,"","","",NA,NA,NA,NA,NA,NA,NA,NA,NA,NA,NA,NA,NA
"60",419,3943,"Nonpasseriformes","Gruiformes","Rallidae","Rails, crakes and allies",42,"BL3","Fulica caribaea","Caribbean Coot",20,0,0,0,0,0,0,0,40,40,"PlantSeed","Ref_3","C","Carolina",50,50,0,0,0,0,0,0,"Ref_3",1,"Jessica",0,1055.87,"GenAvg",0,"","","",NA,NA,NA,NA,NA,NA,NA,NA,NA,NA,NA,NA,NA
"61",430,4199,"Nonpasseriformes","Charadriiformes","Haematopodidae","Oystercatchers",50,"BL3","Haematopus bachmani","Black Oystercatcher",90,0,0,10,0,0,0,0,0,0,"Invertebrate","Ref_3","A","Carolina",0,0,100,0,0,0,0,0,"Ref_3",1,"Jessica",0,555,"Dunning08",1,"","","",NA,NA,NA,NA,NA,NA,NA,NA,NA,NA,NA,NA,NA
"62",437,4421,"Nonpasseriformes","Charadriiformes","Laridae","Gulls and terns",61,"BL3","Larus scopulinus","Red-billed Gull",50,0,0,30,0,20,0,0,0,0,"Omnivore","Ref_3","A","Carolina",0,60,40,0,0,0,0,0,"Ref_3",1,"Other",0,302.5,"PrimScale",1,"","","",NA,NA,NA,NA,NA,NA,NA,NA,NA,NA,NA,NA,NA
"63",440,4445,"Nonpasseriformes","Charadriiformes","Laridae","Gulls and terns",61,"BL3","Sterna nilotica","Gull-billed Tern",50,10,20,20,0,0,0,0,0,0,"Omnivore","Ref_3","A","Carolina",0,30,30,30,10,0,0,1,"Ref_3",1,"Other",0,218.25,"Dunning08",1,"","","",NA,NA,NA,NA,NA,NA,NA,NA,NA,NA,NA,NA,NA
"64",460,4493,"Nonpasseriformes","Charadriiformes","Laridae","Gulls and terns",61,"BL3","Procelsterna cerulea","Blue Noddy",30,0,0,70,0,0,0,0,0,0,"VertFishScav","Ref_3","A","Carolina",0,100,0,0,0,0,0,1,"Ref_3",1,"Other",0,53,"Dunning08",1,"","","",NA,NA,NA,NA,NA,NA,NA,NA,NA,NA,NA,NA,NA
"65",466,4756,"Nonpasseriformes","Accipitriformes","Accipitridae","Osprey, kites, hawks and eagles",36,"IOC27","Accipiter chionogaster","White-breasted Hawk",0,100,0,0,0,0,0,0,0,0,"VertFishScav","Ref_2","C","Jennifer",0,0,40,20,10,20,10,0,"Genus",0,"Walter",0,332.94,"GenAvg",0,"","","",NA,NA,NA,NA,NA,NA,NA,NA,NA,NA,NA,NA,NA
"66",467,4757,"Nonpasseriformes","Accipitriformes","Accipitridae","Osprey, kites, hawks and eagles",36,"IOC27","Accipiter ventralis","Plain-breasted Hawk",0,100,0,0,0,0,0,0,0,0,"VertFishScav","Ref_2","B","Jennifer",0,0,0,25,25,25,25,0,"Ref_2",1,"Jessica",0,233,"Dunning08",1,"","","",NA,NA,NA,NA,NA,NA,NA,NA,NA,NA,NA,NA,NA
"67",468,4758,"Nonpasseriformes","Accipitriformes","Accipitridae","Osprey, kites, hawks and eagles",36,"IOC27","Accipiter erythronemius","Rufous-thighed Hawk",0,100,0,0,0,0,0,0,0,0,"VertFishScav","Ref_2","C","Jennifer",0,0,0,25,25,25,25,0,"Ref_2",1,"Jessica",0,125,"Dunning08",1,"","","",NA,NA,NA,NA,NA,NA,NA,NA,NA,NA,NA,NA,NA
"68",469,4764,"Nonpasseriformes","Accipitriformes","Accipitridae","Osprey, kites, hawks and eagles",36,"IOC27","Accipiter chilensis","Chilean Hawk",0,100,0,0,0,0,0,0,0,0,"VertFishScav","Ref_2","A","Jennifer",0,0,0,25,25,25,25,0,"Ref_2",1,"Jessica",0,368,"Dunning08",1,"","","",NA,NA,NA,NA,NA,NA,NA,NA,NA,NA,NA,NA,NA
"69",483,4844,"Nonpasseriformes","Accipitriformes","Accipitridae","Osprey, kites, hawks and eagles",36,"IOC27","Buteo archeri","Archer's Buzzard",50,0,0,0,50,0,0,0,0,0,"Omnivore","Ref_2","B","Jennifer",0,0,60,20,20,0,0,0,"Ref_2",1,"Jessica",0,866.4,"GenAvg",0,"","","",NA,NA,NA,NA,NA,NA,NA,NA,NA,NA,NA,NA,NA
"70",503,5102,"Nonpasseriformes","Suliformes","Phalacrocoracidae","Cormorants",32,"BL3","Phalacrocorax atriceps","Imperial Shag",50,0,0,50,0,0,0,0,0,0,"Omnivore","Ref_1","A","Jennifer",100,0,0,0,0,0,0,1,"Ref_1",1,"Jessica",0,2000,"PrimScale",1,"","","",NA,NA,NA,NA,NA,NA,NA,NA,NA,NA,NA,NA,NA
"71",518,5237,"Nonpasseriformes","Pelecaniformes","Ardeidae","Herons and egrets",25,"BL3","Mesophoyx intermedia","Intermediate Egret",20,0,10,70,0,0,0,0,0,0,"VertFishScav","Ref_1","A","Jennifer",0,80,20,0,0,0,0,0,"Ref_1",1,"Jessica",0,458.83,"Dunning08",1,"","","",NA,NA,NA,NA,NA,NA,NA,NA,NA,NA,NA,NA,NA
"72",532,5608,"Nonpasseriformes","Procellariiformes","Hydrobatidae","Storm-petrels",19,"BL3","Oceanodroma castro","Madeiran Storm-petrel",60,0,0,30,0,10,0,0,0,0,"Invertebrate","Ref_1","A","Jennifer",20,80,0,0,0,0,0,1,"Ref_1",1,"Jessica",0,46.14,"Dunning08",1,"","","",NA,NA,NA,NA,NA,NA,NA,NA,NA,NA,NA,NA,NA
"73",533,5609,"Nonpasseriformes","Procellariiformes","Hydrobatidae","Storm-petrels",19,"BL3","Oceanodroma leucorhoa","Leach's Storm-petrel",50,0,0,30,0,20,0,0,0,0,"Omnivore","Ref_1","A","Jennifer",20,80,0,0,0,0,0,1,"Ref_1",1,"Jessica",0,36.71,"Dunning08",1,"","","",NA,NA,NA,NA,NA,NA,NA,NA,NA,NA,NA,NA,NA
"74",549,5675,"Passeriformes","Passeriformes","Pittidae","Pittas",102,"BL3","Pitta guajana","Banded Pitta",100,0,0,0,0,0,0,0,0,0,"Invertebrate","Ref_8","A","Jennifer",0,0,100,0,0,0,0,0,"Ref_8",1,"Jessica",0,81.5,"Dunning08",1,"","","",NA,NA,NA,NA,NA,NA,NA,NA,NA,NA,NA,NA,NA
"75",554,5686,"Passeriformes","Passeriformes","Pittidae","Pittas",102,"BL3","Pitta erythrogaster","Red-bellied Pitta",80,0,0,0,0,0,0,0,10,10,"Invertebrate","Ref_8","A","Jennifer",0,0,100,0,0,0,0,0,"Ref_8",1,"Jessica",0,72.39,"Dunning08",1,"","","",NA,NA,NA,NA,NA,NA,NA,NA,NA,NA,NA,NA,NA
"76",562,5903,"Passeriformes","Passeriformes","Tyrannidae","Tyrant-flycatchers",105,"BL3","Serpophaga munda","White-bellied Tyrannulet",100,0,0,0,0,0,0,0,0,0,"Invertebrate","Ref_9","A","Carolina",0,0,0,33,33,33,0,0,"Ref_9",1,"Jessica",0,5.4,"Dunning08",1,"","","",NA,NA,NA,NA,NA,NA,NA,NA,NA,NA,NA,NA,NA
"77",592,6377,"Passeriformes","Passeriformes","Pipridae","Manakins",103,"BL3","Xenopipo holochlora","Green Manakin",70,0,0,0,0,0,30,0,0,0,"Invertebrate","Ref_9","C","Carolina",0,0,0,50,50,0,0,0,"Ref_9",1,"Jessica",0,14.9,"Dunning08",1,"","","",NA,NA,NA,NA,NA,NA,NA,NA,NA,NA,NA,NA,NA
"78",595,6406,"Passeriformes","Passeriformes","Thamnophilidae","Antbirds",106,"BL3","Sakesphorus bernardi","Collared Antshrike",90,10,0,0,0,0,0,0,0,0,"Invertebrate","Ref_8","A","Jennifer",0,0,30,30,40,0,0,0,"Ref_8",1,"Jessica",0,34.4,"Dunning08",1,"","","",NA,NA,NA,NA,NA,NA,NA,NA,NA,NA,NA,NA,NA
"79",602,6488,"Passeriformes","Passeriformes","Thamnophilidae","Antbirds",106,"BL3","Myrmotherula fluminensis","Rio de Janeiro Antwren",100,0,0,0,0,0,0,0,0,0,"Invertebrate","Ref_8","C","Jennifer",0,0,50,50,0,0,0,0,"Ref_8",1,"Jessica",0,9,"Dunning08",1,"","","",NA,NA,NA,NA,NA,NA,NA,NA,NA,NA,NA,NA,NA
"80",603,6524,"Passeriformes","Passeriformes","Thamnophilidae","Antbirds",106,"BL3","Formicivora littoralis","Restinga Antwren",100,0,0,0,0,0,0,0,0,0,"Invertebrate","Ref_8","A","Jennifer",0,0,0,80,20,0,0,0,"Ref_8",1,"Jessica",0,14.96,"Dunning08",1,"","","",NA,NA,NA,NA,NA,NA,NA,NA,NA,NA,NA,NA,NA
"81",604,6527,"Passeriformes","Passeriformes","Thamnophilidae","Antbirds",106,"BL3","Stymphalornis acutirostris","Parana Antwren",100,0,0,0,0,0,0,0,0,0,"Invertebrate","Ref_8","B","Jennifer",0,0,50,50,0,0,0,0,"Ref_8",1,"Jessica",0,10,"Dunning08",1,"","","",NA,NA,NA,NA,NA,NA,NA,NA,NA,NA,NA,NA,NA
"82",610,6548,"Passeriformes","Passeriformes","Thamnophilidae","Antbirds",106,"BL3","Cercomacra nigrescens","Blackish Antbird",100,0,0,0,0,0,0,0,0,0,"Invertebrate","Ref_8","A","Jennifer",0,0,40,40,20,0,0,0,"Ref_8",1,"Jessica",0,16.5,"Dunning08",1,"","","",NA,NA,NA,NA,NA,NA,NA,NA,NA,NA,NA,NA,NA
"83",617,6577,"Passeriformes","Passeriformes","Thamnophilidae","Antbirds",106,"BL3","Myrmeciza exsul","Chestnut-backed Antbird",80,0,20,0,0,0,0,0,0,0,"Invertebrate","Ref_8","A","Jennifer",0,0,60,40,0,0,0,0,"Ref_8",1,"Jessica",0,26.5,"Dunning08",1,"","","",NA,NA,NA,NA,NA,NA,NA,NA,NA,NA,NA,NA,NA
"84",622,6584,"Passeriformes","Passeriformes","Thamnophilidae","Antbirds",106,"BL3","Myrmeciza laemosticta","Dull-mantled Antbird",100,0,0,0,0,0,0,0,0,0,"Invertebrate","Ref_8","A","Jennifer",0,0,70,30,0,0,0,0,"Ref_8",1,"Jessica",0,25,"Dunning08",1,"","","",NA,NA,NA,NA,NA,NA,NA,NA,NA,NA,NA,NA,NA
"85",631,6593,"Passeriformes","Passeriformes","Thamnophilidae","Antbirds",106,"BL3","Myrmeciza immaculata","Immaculate Antbird",70,0,30,0,0,0,0,0,0,0,"Invertebrate","Ref_8","A","Jennifer",0,0,60,40,0,0,0,0,"Ref_8",1,"Jessica",0,47.1,"Dunning08",1,"","","",NA,NA,NA,NA,NA,NA,NA,NA,NA,NA,NA,NA,NA
"86",638,6643,"Passeriformes","Passeriformes","Furnariidae","Ovenbirds",110,"BL3","Upucerthia jelskii","Plain-breasted Earthcreeper",100,0,0,0,0,0,0,0,0,0,"Invertebrate","Ref_8","A","Jennifer",0,0,100,0,0,0,0,0,"Ref_8",1,"Jessica",0,40.1,"Dunning08",1,"","","",NA,NA,NA,NA,NA,NA,NA,NA,NA,NA,NA,NA,NA
"87",648,6687,"Passeriformes","Passeriformes","Furnariidae","Ovenbirds",110,"BL3","Schizoeaca vilcabambae","Vilcabamba Thistletail",100,0,0,0,0,0,0,0,0,0,"Invertebrate","Ref_8","B","Jennifer",0,0,0,100,0,0,0,0,"Ref_8",1,"Jessica",0,20.2,"Dunning08",1,"","","",NA,NA,NA,NA,NA,NA,NA,NA,NA,NA,NA,NA,NA
"88",660,6772,"Passeriformes","Passeriformes","Furnariidae","Ovenbirds",110,"BL3","Asthenes sclateri","Puno Canastero",100,0,0,0,0,0,0,0,0,0,"Invertebrate","Ref_8","A","Jennifer",0,0,100,0,0,0,0,0,"Ref_8",1,"Jessica",0,25.9,"Dunning08",1,"","","",NA,NA,NA,NA,NA,NA,NA,NA,NA,NA,NA,NA,NA
"89",665,6829,"Passeriformes","Passeriformes","Furnariidae","Ovenbirds",110,"BL3","Hyloctistes subulatus","Striped Woodhaunter",80,0,20,0,0,0,0,0,0,0,"Invertebrate","Ref_8","A","Jennifer",0,0,0,50,50,0,0,0,"Ref_8",1,"Jessica",0,28.8,"Dunning08",1,"","","",NA,NA,NA,NA,NA,NA,NA,NA,NA,NA,NA,NA,NA
"90",670,6867,"Passeriformes","Passeriformes","Furnariidae","Ovenbirds",110,"BL3","Automolus rubiginosus","Ruddy Foliage-gleaner",80,0,20,0,0,0,0,0,0,0,"Invertebrate","Ref_8","A","Jennifer",0,0,0,100,0,0,0,0,"Ref_8",1,"Jessica",0,39.8,"Dunning08",1,"","","",NA,NA,NA,NA,NA,NA,NA,NA,NA,NA,NA,NA,NA
"91",676,6905,"Passeriformes","Passeriformes","Dendrocolaptidae","Woodcreepers",111,"BL3","Hylexetastes uniformis","Uniform Woodcreeper",90,0,0,0,10,0,0,0,0,0,"Invertebrate","Ref_8","A","Jennifer",0,0,0,50,50,0,0,0,"Ref_8",1,"Jessica",0,117,"GenAvg",0,"","","",NA,NA,NA,NA,NA,NA,NA,NA,NA,NA,NA,NA,NA
"92",677,6907,"Passeriformes","Passeriformes","Dendrocolaptidae","Woodcreepers",111,"BL3","Hylexetastes brigidai","Mato Grosso Woodcreeper",90,0,0,0,10,0,0,0,0,0,"Invertebrate","Ref_8","A","Jennifer",0,0,0,50,50,0,0,0,"Ref_8",1,"Jessica",0,117,"GenAvg",0,"","","",NA,NA,NA,NA,NA,NA,NA,NA,NA,NA,NA,NA,NA
"93",680,7245,"Passeriformes","Passeriformes","Maluridae","Australasian wrens",116,"IOC27","Malurus campbelli","Campbell's Fairywren",100,0,0,0,0,0,0,0,0,0,"Invertebrate","Ref_12","B","Jennifer",0,0,0,100,0,0,0,0,"Ref_12",1,"Jessica",0,9,"PrimScale",1,"","","",NA,NA,NA,NA,NA,NA,NA,NA,NA,NA,NA,NA,NA
"94",683,7342,"Passeriformes","Passeriformes","Meliphagidae","Honeyeaters",117,"BL3","Lichmera limbata","Indonesian Honeyeater",10,0,0,0,0,0,0,90,0,0,"FruiNect","Ref_13","C","Carolina",0,0,70,30,0,0,0,0,"Ref_44",1,"Christian",0,10,"PrimScale",1,"MarceloR","","",NA,NA,NA,NA,NA,NA,NA,NA,NA,NA,NA,NA,NA
"95",690,7359,"Passeriformes","Passeriformes","Meliphagidae","Honeyeaters",117,"BL3","Meliphaga gracilis","Graceful Honeyeater",40,0,0,0,0,0,30,30,0,0,"FruiNect","Ref_13","A","Carolina",0,0,0,20,40,40,0,0,"Ref_41; Ref_39",1,"Jessica",0,14.98,"Dunning08",1,"","","",NA,NA,NA,NA,NA,NA,NA,NA,NA,NA,NA,NA,NA
"96",692,7365,"Passeriformes","Passeriformes","Meliphagidae","Honeyeaters",117,"BL3","Meliphaga albilineata","White-lined Honeyeater",40,0,0,0,0,0,20,20,20,0,"Omnivore","Ref_13","A","Carolina",0,0,0,20,40,40,0,0,"Ref_37",1,"Christian",0,23.69,"Dunning08",1,"","","",NA,NA,NA,NA,NA,NA,NA,NA,NA,NA,NA,NA,NA
"97",713,7417,"Passeriformes","Passeriformes","Meliphagidae","Honeyeaters",117,"BL3","Philemon novaeguineae","New Guinea Friarbird",20,0,0,0,0,0,10,60,10,0,"FruiNect","Ref_13","A","Carolina",0,0,0,0,20,80,0,0,"Beehler etal 86",1,"Christian",0,147,"PrimScale",1,"","","",NA,NA,NA,NA,NA,NA,NA,NA,NA,NA,NA,NA,NA
"98",721,7535,"Passeriformes","Passeriformes","Acanthizidae","Thornbills and gerygones",120,"BL3","Sericornis virgatus","Perplexing Scrubwren",100,0,0,0,0,0,0,0,0,0,"Invertebrate","Ref_12","A","Jennifer",0,0,0,20,80,0,0,0,"Other",1,"Jessica",0,12.4,"Dunning08",1,"","","",NA,NA,NA,NA,NA,NA,NA,NA,NA,NA,NA,NA,NA
"99",743,7819,"Passeriformes","Passeriformes","Vireonidae","Vireos and allies",141,"BL3","Hylophilus ochraceiceps","Tawny-crowned Greenlet",80,0,0,0,0,0,20,0,0,0,"Invertebrate","Ref_15","A","Jennifer",0,0,0,80,20,0,0,0,"Ref_33
",1,"Christian",0,11.6,"Dunning08",1,"","","",NA,NA,NA,NA,NA,NA,NA,NA,NA,NA,NA,NA,NA
"100",751,7982,"Passeriformes","Passeriformes","Corvidae","Crows and jays",147,"BL3","Aphelocoma insularis","Island Scrub-jay",20,10,10,0,0,0,10,0,50,0,"Omnivore","Ref_14","A","Carolina",0,0,80,10,10,0,0,0,"Ref_30",1,"Christian",0,115.78,"Dunning08",1,"","","",NA,NA,NA,NA,NA,NA,NA,NA,NA,NA,NA,NA,NA
"101",754,8018,"Passeriformes","Passeriformes","Corvidae","Crows and jays",147,"IOC27","Cyanocorax luxuosus","Green Jay",40,10,10,0,0,0,40,0,0,0,"Omnivore","Ref_14","A","Carolina",0,0,0,70,30,0,0,0,"Ref_30",1,"Christian",0,78.5,"PrimScale",1,"","","",NA,NA,NA,NA,NA,NA,NA,NA,NA,NA,NA,NA,NA
"102",766,8176,"Passeriformes","Passeriformes","Paradisaeidae","Birds of paradise",149,"BL3","Parotia helenae","Eastern Parotia",20,0,20,0,0,0,60,0,0,0,"FruiNect","Ref_14","A","Carolina",0,0,0,0,80,20,0,0,"Ref_40",1,"Christian",0,159,"PrimScale",1,"","","",NA,NA,NA,NA,NA,NA,NA,NA,NA,NA,NA,NA,NA
"103",782,8321,"Passeriformes","Passeriformes","Campephagidae","Cuckoo-shrikes",136,"BL3","Coracina cinerea","Ashy Cuckooshrike",90,0,0,0,0,0,10,0,0,0,"Invertebrate","Ref_10","A","Carolina",0,0,0,0,20,80,0,0,"Ref_10",1,"Jessica",0,47.2,"Dunning08",1,"","","",NA,NA,NA,NA,NA,NA,NA,NA,NA,NA,NA,NA,NA
"104",786,8325,"Passeriformes","Passeriformes","Campephagidae","Cuckoo-shrikes",136,"BL3","Coracina tenuirostris","Slender-billed Cicadabird",80,0,0,0,0,0,10,0,10,0,"Invertebrate","Ref_10","A","Carolina",0,0,0,20,40,40,0,0,"Ref_10",1,"Jessica",0,60.92,"Dunning08",1,"","","",NA,NA,NA,NA,NA,NA,NA,NA,NA,NA,NA,NA,NA
"105",797,8336,"Passeriformes","Passeriformes","Campephagidae","Cuckoo-shrikes",136,"BL3","Coracina holopolia","Solomons Cuckooshrike",80,0,0,0,0,0,20,0,0,0,"Invertebrate","Ref_10","C","Carolina",0,0,0,0,0,100,0,0,"Ref_10",1,"Jessica",0,48.9,"Dunning08",1,"","","",NA,NA,NA,NA,NA,NA,NA,NA,NA,NA,NA,NA,NA
"106",808,8484,"Passeriformes","Passeriformes","Monarchidae","Monarchs",146,"IOC27","Terpsiphone smithii","Annobon Paradise Flycatcher",90,0,0,0,0,0,10,0,0,0,"Invertebrate","Ref_11","A","Jennifer",0,0,0,20,60,20,0,0,"Ref_11",1,"Jessica",0,15.43,"GenAvg",0,"","","",NA,NA,NA,NA,NA,NA,NA,NA,NA,NA,NA,NA,NA
"107",811,8516,"Passeriformes","Passeriformes","Monarchidae","Monarchs",146,"BL3","Monarcha erythrostictus","Bougainville Monarch",100,0,0,0,0,0,0,0,0,0,"Invertebrate","Ref_11","A","Jennifer",0,0,0,0,60,40,0,0,"Ref_11",1,"Jessica",0,26.27,"GenAvg",0,"","","",NA,NA,NA,NA,NA,NA,NA,NA,NA,NA,NA,NA,NA
"108",828,8535,"Passeriformes","Passeriformes","Monarchidae","Monarchs",146,"BL3","Monarcha verticalis","Black-tailed Monarch",100,0,0,0,0,0,0,0,0,0,"Invertebrate","Ref_11","B","Jennifer",0,0,0,20,80,0,0,0,"Ref_11",1,"Jessica",0,21.7,"Dunning08",1,"","","",NA,NA,NA,NA,NA,NA,NA,NA,NA,NA,NA,NA,NA
"109",829,8536,"Passeriformes","Passeriformes","Monarchidae","Monarchs",146,"BL3","Monarcha barbatus","Black-and-white Monarch",100,0,0,0,0,0,0,0,0,0,"Invertebrate","Ref_11","A","Jennifer",0,0,0,33,33,33,0,0,"Ref_11",1,"Jessica",0,21,"Dunning08",1,"","","",NA,NA,NA,NA,NA,NA,NA,NA,NA,NA,NA,NA,NA
"110",835,8542,"Passeriformes","Passeriformes","Monarchidae","Monarchs",146,"BL3","Arses telescophthalmus","Frilled Monarch",100,0,0,0,0,0,0,0,0,0,"Invertebrate","Ref_11","A","Jennifer",0,0,0,20,80,0,0,0,"Ref_11",1,"Jessica",0,15.26,"Dunning08",1,"","","",NA,NA,NA,NA,NA,NA,NA,NA,NA,NA,NA,NA,NA
"111",844,8707,"Passeriformes","Passeriformes","Platysteiridae","Shrike-flycatchers, wattle-eyes and batises",128,"BL3","Platysteira castanea","Chestnut Wattle-eye",70,0,0,0,0,0,20,0,10,0,"Invertebrate","Ref_11","A","Jennifer",0,0,0,0,100,0,0,0,"Ref_34",1,"Jessica",0,14.09,"Dunning08",1,"","","",NA,NA,NA,NA,NA,NA,NA,NA,NA,NA,NA,NA,NA
"112",847,8712,"Passeriformes","Passeriformes","Platysteiridae","Shrike-flycatchers, wattle-eyes and batises",128,"BL3","Platysteira concreta","Yellow-bellied Wattle-eye",100,0,0,0,0,0,0,0,0,0,"Invertebrate","Ref_11","A","Jennifer",0,0,0,80,20,0,0,0,"Ref_34",1,"Jessica",0,11.4,"Dunning08",1,"","","",NA,NA,NA,NA,NA,NA,NA,NA,NA,NA,NA,NA,NA
"113",848,8715,"Passeriformes","Passeriformes","Campephagidae","Cuckoo-shrikes",136,"BL3","Tephrodornis gularis","Large Woodshrike",80,0,0,0,0,0,20,0,0,0,"Invertebrate","Ref_10","A","Carolina",0,0,10,0,50,40,0,0,"Ref_34",1,"Jessica",0,37.8,"Dunning08",1,"","","",NA,NA,NA,NA,NA,NA,NA,NA,NA,NA,NA,NA,NA
"114",866,8838,"Passeriformes","Passeriformes","Turdidae","Thrushes",178,"BL3","Zoothera piaggiae","Abyssinian Ground-thrush",50,0,0,0,0,0,30,0,20,0,"Omnivore","Ref_10","A","Carolina",0,0,80,10,10,0,0,0,"Ref_10",1,"Jessica",0,51.1,"Dunning08",1,"","","",NA,NA,NA,NA,NA,NA,NA,NA,NA,NA,NA,NA,NA
"115",891,9062,"Passeriformes","Passeriformes","Muscicapidae","Chats and Old World flycatchers",167,"BL3","Rhinomyias oscillans","Russet-backed Jungle-flycatcher",80,0,0,0,0,0,20,0,0,0,"Invertebrate","Ref_11","A","Hamish",0,0,40,40,20,0,0,0,"Ref_11",1,"Jessica",0,23.93,"PrimScale",1,"MarceloR","","",NA,NA,NA,NA,NA,NA,NA,NA,NA,NA,NA,NA,NA
"116",892,9063,"Passeriformes","Passeriformes","Muscicapidae","Chats and Old World flycatchers",167,"BL3","Rhinomyias brunneatus","Brown-chested Jungle-flycatcher",100,0,0,0,0,0,0,0,0,0,"Invertebrate","Ref_11","B","Hamish",0,0,30,30,40,0,0,0,"Ref_11",1,"Jessica",0,18.1,"PrimScale",1,"MarceloR","","",NA,NA,NA,NA,NA,NA,NA,NA,NA,NA,NA,NA,NA
"117",918,9207,"Passeriformes","Passeriformes","Muscicapidae","Chats and Old World flycatchers",167,"BL3","Erithacus akahige","Japanese Robin",40,0,10,10,0,10,20,0,10,0,"Omnivore","Ref_10","D1","Carolina",0,0,50,50,0,0,0,0,"Ref_11",1,"Jessica",0,17,"Dunning08",1,"","","",NA,NA,NA,NA,NA,NA,NA,NA,NA,NA,NA,NA,NA
"118",919,9208,"Passeriformes","Passeriformes","Muscicapidae","Chats and Old World flycatchers",167,"BL3","Erithacus komadori","Ryukyu Robin",40,0,10,10,0,10,20,0,10,0,"Omnivore","Ref_10","D1","Carolina",0,0,100,0,0,0,0,0,"Ref_11",1,"Jessica",0,23.9,"Dunning08",1,"","","",NA,NA,NA,NA,NA,NA,NA,NA,NA,NA,NA,NA,NA
"119",922,9215,"Passeriformes","Passeriformes","Muscicapidae","Chats and Old World flycatchers",167,"BL3","Luscinia pectoralis","White-tailed Rubythroat",100,0,0,0,0,0,0,0,0,0,"Invertebrate","Ref_10","A","Carolina",0,0,100,0,0,0,0,0,"Ref_11",1,"Jessica",0,23.27,"Dunning08",1,"","","",NA,NA,NA,NA,NA,NA,NA,NA,NA,NA,NA,NA,NA
"120",931,9235,"Passeriformes","Passeriformes","Muscicapidae","Chats and Old World flycatchers",167,"BL3","Cossypha anomala","Olive-flanked Robin-chat",100,0,0,0,0,0,0,0,0,0,"Invertebrate","Ref_10","A","Carolina",0,0,40,30,30,0,0,0,"Ref_11",1,"Jessica",0,24.5,"Dunning08",1,"","","",NA,NA,NA,NA,NA,NA,NA,NA,NA,NA,NA,NA,NA
"121",946,9278,"Passeriformes","Passeriformes","Muscicapidae","Chats and Old World flycatchers",167,"BL3","Copsychus malabaricus","White-rumped Shama",70,0,0,0,0,0,30,0,0,0,"Invertebrate","Ref_10","A","Carolina",0,0,60,40,0,0,0,0,"Ref_11",1,"Jessica",0,29.23,"Dunning08",1,"","","",NA,NA,NA,NA,NA,NA,NA,NA,NA,NA,NA,NA,NA
"122",947,9279,"Passeriformes","Passeriformes","Muscicapidae","Chats and Old World flycatchers",167,"IOC27","Copsychus stricklandii","White-crowned Shama",70,0,0,0,0,0,30,0,0,0,"Invertebrate","Ref_10","A","Carolina",0,0,60,40,0,0,0,0,"Ref_11",1,"Jessica",0,40.88,"GenAvg",0,"","","",NA,NA,NA,NA,NA,NA,NA,NA,NA,NA,NA,NA,NA
"123",948,9280,"Passeriformes","Passeriformes","Muscicapidae","Chats and Old World flycatchers",167,"BL3","Copsychus luzoniensis","White-browed Shama",80,0,0,0,0,0,20,0,0,0,"Invertebrate","Ref_10","D1","Carolina",0,0,40,30,30,0,0,0,"Genus",0,"Walter",0,24,"Dunning08",1,"","","",NA,NA,NA,NA,NA,NA,NA,NA,NA,NA,NA,NA,NA
"124",955,9307,"Passeriformes","Passeriformes","Muscicapidae","Chats and Old World flycatchers",167,"BL3","Cinclidium leucurum","White-tailed Robin",60,0,0,0,0,0,40,0,0,0,"Invertebrate","Ref_10","A","Carolina",0,0,70,30,0,0,0,0,"Ref_11",1,"Jessica",0,26.83,"Dunning08",1,"","","",NA,NA,NA,NA,NA,NA,NA,NA,NA,NA,NA,NA,NA
"125",959,9357,"Passeriformes","Passeriformes","Muscicapidae","Chats and Old World flycatchers",167,"BL3","Oenanthe lugentoides","Arabian Wheatear",90,0,0,0,0,0,0,0,0,10,"Invertebrate","Ref_10","A","Carolina",0,0,100,0,0,0,0,0,"Ref_11",1,"Jessica",0,24.59,"GenAvg",0,"","","",NA,NA,NA,NA,NA,NA,NA,NA,NA,NA,NA,NA,NA
"126",996,9515,"Passeriformes","Passeriformes","Sturnidae","Starlings",177,"BL3","Sturnus contra","Asian Pied Starling",20,0,20,0,0,0,20,20,10,10,"Omnivore","Ref_14","A","Carolina",0,0,80,20,0,0,0,0,"Ref_36",1,"Jessica",0,83.99,"Dunning08",1,"","","",NA,NA,NA,NA,NA,NA,NA,NA,NA,NA,NA,NA,NA
"127",998,9517,"Passeriformes","Passeriformes","Sturnidae","Starlings",177,"BL3","Sturnus burmannicus","Vinous-breasted Starling",50,0,0,0,0,0,50,0,0,0,"Omnivore","Ref_14","A","Carolina",0,0,80,0,20,0,0,0,"Ref_36",1,"Jessica",0,81.72,"GenAvg",0,"","","",NA,NA,NA,NA,NA,NA,NA,NA,NA,NA,NA,NA,NA
"128",999,9518,"Passeriformes","Passeriformes","Sturnidae","Starlings",177,"BL3","Sturnus melanopterus","Black-winged Starling",30,0,0,0,0,0,40,30,0,0,"FruiNect","Ref_14","A","Carolina",0,0,20,40,40,0,0,0,"Ref_36",1,"Jessica",0,81.72,"GenAvg",0,"","","",NA,NA,NA,NA,NA,NA,NA,NA,NA,NA,NA,NA,NA
"129",1003,9662,"Passeriformes","Passeriformes","Certhiidae","Treecreepers",174,"BL3","Salpornis spilonotus","Spotted Treecreeper",100,0,0,0,0,0,0,0,0,0,"Invertebrate","Ref_13","A","Carolina",0,0,0,50,50,0,0,0,"Ref_38",1,"Jessica",0,14.8,"Dunning08",1,"","","",NA,NA,NA,NA,NA,NA,NA,NA,NA,NA,NA,NA,NA
"130",1007,9721,"Passeriformes","Passeriformes","Troglodytidae","Wrens",162,"BL3","Thryothorus euophrys","Plain-tailed Wren",100,0,0,0,0,0,0,0,0,0,"Invertebrate","Ref_10","B","Carolina",0,0,0,100,0,0,0,0,"Ref_10",1,"Jessica",0,30.26,"Dunning08",1,"","","",NA,NA,NA,NA,NA,NA,NA,NA,NA,NA,NA,NA,NA
"131",1015,9729,"Passeriformes","Passeriformes","Troglodytidae","Wrens",162,"BL3","Thryothorus sclateri","Speckle-breasted Wren",100,0,0,0,0,0,0,0,0,0,"Invertebrate","Ref_10","B","Carolina",0,0,0,100,0,0,0,0,"Ref_10",1,"Jessica",0,20,"Dunning08",1,"","","",NA,NA,NA,NA,NA,NA,NA,NA,NA,NA,NA,NA,NA
"132",1024,9740,"Passeriformes","Passeriformes","Troglodytidae","Wrens",162,"BL3","Thryothorus modestus","Plain Wren",100,0,0,0,0,0,0,0,0,0,"Invertebrate","Ref_10","A","Carolina",0,0,0,60,20,20,0,0,"Ref_10",1,"Jessica",0,17.57,"Dunning08",1,"","","",NA,NA,NA,NA,NA,NA,NA,NA,NA,NA,NA,NA,NA
"133",1031,9875,"Passeriformes","Passeriformes","Paridae","Tits and chickadees",154,"BL3","Parus lugubris","Sombre Tit",80,0,0,0,0,0,0,0,20,0,"Invertebrate","Ref_12","A","Jennifer",0,0,20,60,20,0,0,0,"Ref_12",1,"Jessica",0,15.8,"Dunning08",1,"","","",NA,NA,NA,NA,NA,NA,NA,NA,NA,NA,NA,NA,NA
"134",1032,9877,"Passeriformes","Passeriformes","Paridae","Tits and chickadees",154,"BL3","Parus montanus","Willow Tit",60,0,0,0,0,0,20,0,20,0,"Invertebrate","Ref_12","A","Jennifer",0,0,0,20,80,0,0,0,"Ref_12",1,"Jessica",0,11.1,"Dunning08",1,"","","",NA,NA,NA,NA,NA,NA,NA,NA,NA,NA,NA,NA,NA
"135",1050,9902,"Passeriformes","Passeriformes","Paridae","Tits and chickadees",154,"BL3","Parus leucomelas","White-winged Tit",60,0,0,0,0,0,20,0,20,0,"Invertebrate","Ref_12","A","Jennifer",0,0,0,20,80,0,0,0,"Ref_12",1,"Jessica",0,16.1,"Dunning08",1,"","","",NA,NA,NA,NA,NA,NA,NA,NA,NA,NA,NA,NA,NA
"136",1052,9907,"Passeriformes","Passeriformes","Paridae","Tits and chickadees",154,"BL3","Parus niger","Black Tit",70,0,0,0,0,0,10,10,10,0,"Invertebrate","Ref_12","A","Jennifer",0,0,0,0,100,0,0,0,"Ref_12",1,"Jessica",0,21.5,"Dunning08",1,"","","",NA,NA,NA,NA,NA,NA,NA,NA,NA,NA,NA,NA,NA
"137",1056,9912,"Passeriformes","Passeriformes","Paridae","Tits and chickadees",154,"BL3","Parus rufiventris","Rufous-bellied Tit",100,0,0,0,0,0,0,0,0,0,"Invertebrate","Ref_12","A","Jennifer",0,0,0,0,80,20,0,0,"Ref_12",1,"Jessica",0,18.2,"Dunning08",1,"","","",NA,NA,NA,NA,NA,NA,NA,NA,NA,NA,NA,NA,NA
"138",1067,9936,"Passeriformes","Passeriformes","Paridae","Tits and chickadees",154,"BL3","Parus caeruleus","Blue Tit",50,0,0,0,0,0,20,10,20,0,"Omnivore","Ref_12","A","Jennifer",0,0,10,30,30,30,0,0,"Ref_12",1,"Jessica",0,13.3,"PrimScale",1,"","","",NA,NA,NA,NA,NA,NA,NA,NA,NA,NA,NA,NA,NA
"139",1070,9947,"Passeriformes","Passeriformes","Paridae","Tits and chickadees",154,"BL3","Parus varius","Varied Tit",70,0,0,0,0,0,10,0,20,0,"Invertebrate","Ref_12","A","Jennifer",0,0,0,0,40,60,0,0,"Ref_12",1,"Jessica",0,17,"Dunning08",1,"","","",NA,NA,NA,NA,NA,NA,NA,NA,NA,NA,NA,NA,NA
"140",1081,10068,"Passeriformes","Passeriformes","Hirundinidae","Swallows and martins",156,"BL3","Hirundo obsoleta","Pale Crag-martin",100,0,0,0,0,0,0,0,0,0,"Invertebrate","Ref_9","A","Carolina",0,0,0,50,50,0,0,0,"Ref_9",1,"Jessica",0,10.2,"Dunning08",1,"","","",NA,NA,NA,NA,NA,NA,NA,NA,NA,NA,NA,NA,NA
"141",1082,10069,"Passeriformes","Passeriformes","Hirundinidae","Swallows and martins",156,"BL3","Hirundo fuligula","Rock Martin",100,0,0,0,0,0,0,0,0,0,"Invertebrate","Ref_9","A","Carolina",0,0,0,50,50,0,0,0,"Ref_9",1,"Jessica",0,21.1,"Dunning08",1,"","","",NA,NA,NA,NA,NA,NA,NA,NA,NA,NA,NA,NA,NA
"142",1084,10082,"Passeriformes","Passeriformes","Hirundinidae","Swallows and martins",156,"BL3","Hirundo domicola","Hill Swallow",100,0,0,0,0,0,0,0,0,0,"Invertebrate","Ref_9","A","Carolina",0,0,0,40,60,0,0,0,"Ref_9",1,"Jessica",0,15.6,"PrimScale",1,"","","",NA,NA,NA,NA,NA,NA,NA,NA,NA,NA,NA,NA,NA
"143",1089,10107,"Passeriformes","Passeriformes","Hirundinidae","Swallows and martins",156,"BL3","Hirundo daurica","Red-rumped Swallow",100,0,0,0,0,0,0,0,0,0,"Invertebrate","Ref_9","A","Carolina",0,0,0,30,20,20,30,0,"Ref_9",1,"Jessica",0,22.2,"Dunning08",1,"","","",NA,NA,NA,NA,NA,NA,NA,NA,NA,NA,NA,NA,NA
"144",1102,10177,"Passeriformes","Passeriformes","Pycnonotidae","Bulbuls",160,"BL3","Pycnonotus atriceps","Black-headed Bulbul",20,0,0,0,0,0,80,0,0,0,"FruiNect","Ref_10","A","Carolina",0,0,0,40,40,0,20,0,"Ref_10",1,"Jessica",0,25.5,"Dunning08",1,"","","",NA,NA,NA,NA,NA,NA,NA,NA,NA,NA,NA,NA,NA
"145",1103,10178,"Passeriformes","Passeriformes","Pycnonotidae","Bulbuls",160,"BL3","Pycnonotus melanicterus","Black-crested Bulbul",30,0,0,0,0,0,70,0,0,0,"FruiNect","Ref_10","A","Carolina",0,0,20,40,40,0,0,0,"Ref_10",1,"Jessica",0,29.3,"Dunning08",1,"","","",NA,NA,NA,NA,NA,NA,NA,NA,NA,NA,NA,NA,NA
"146",1118,10246,"Passeriformes","Passeriformes","Pycnonotidae","Bulbuls",160,"BL3","Andropadus milanjensis","Stripe-cheeked Greenbul",30,0,10,0,0,0,40,0,20,0,"Omnivore","Ref_10","A","Carolina",0,0,0,20,60,20,0,0,"Ref_10",1,"Jessica",0,37.38,"Dunning08",1,"","","",NA,NA,NA,NA,NA,NA,NA,NA,NA,NA,NA,NA,NA
"147",1120,10258,"Passeriformes","Passeriformes","Pycnonotidae","Bulbuls",160,"BL3","Chlorocichla flavicollis","Yellow-throated Greenbul",30,0,0,0,0,0,70,0,0,0,"FruiNect","Ref_10","A","Carolina",0,0,40,40,20,0,0,0,"Ref_10",1,"Jessica",0,48.72,"Dunning08",1,"","","",NA,NA,NA,NA,NA,NA,NA,NA,NA,NA,NA,NA,NA
"148",1121,10290,"Passeriformes","Passeriformes","Pycnonotidae","Bulbuls",160,"BL3","Phyllastrephus leucolepis","Liberian Greenbul",90,0,0,0,0,0,10,0,0,0,"Invertebrate","Ref_10","D1","Carolina",0,0,0,0,100,0,0,0,"Ref_10",1,"Jessica",0,26.27,"GenAvg",0,"","","",NA,NA,NA,NA,NA,NA,NA,NA,NA,NA,NA,NA,NA
"149",1127,10322,"Passeriformes","Passeriformes","Pycnonotidae","Bulbuls",160,"BL3","Alophoixus affinis","Golden Bulbul",40,0,0,0,0,0,60,0,0,0,"FruiNect","Ref_10","D1","Carolina",0,0,0,30,50,20,0,0,"Genus",0,"Walter",0,40.5,"Dunning08",1,"","","",NA,NA,NA,NA,NA,NA,NA,NA,NA,NA,NA,NA,NA
"150",1136,10339,"Passeriformes","Passeriformes","Pycnonotidae","Bulbuls",160,"BL3","Ixos everetti","Yellowish Bulbul",10,0,0,0,0,0,90,0,0,0,"FruiNect","Ref_10","B","Carolina",0,0,0,30,60,10,0,0,"Ref_10",1,"Jessica",0,58.3,"Dunning08",1,"","","",NA,NA,NA,NA,NA,NA,NA,NA,NA,NA,NA,NA,NA
"151",1138,10346,"Passeriformes","Passeriformes","Pycnonotidae","Bulbuls",160,"BL3","Hypsipetes virescens","Green-winged Bulbul",50,0,0,0,0,0,50,0,0,0,"Omnivore","Ref_10","A","Carolina",0,0,0,0,60,40,0,0,"Ref_10",1,"Jessica",0,52.39,"GenAvg",0,"","","",NA,NA,NA,NA,NA,NA,NA,NA,NA,NA,NA,NA,NA
"152",1141,10433,"Passeriformes","Passeriformes","Cisticolidae","Cisticolas and allies",159,"BL3","Prinia burnesii","Rufous-vented Prinia",100,0,0,0,0,0,0,0,0,0,"Invertebrate","Ref_11","A","Jennifer",0,0,40,60,0,0,0,0,"Ref_11",1,"Jessica",0,9.68,"GenAvg",0,"","","",NA,NA,NA,NA,NA,NA,NA,NA,NA,NA,NA,NA,NA
"153",1149,10530,"Passeriformes","Passeriformes","Cisticolidae","Cisticolas and allies",159,"BL3","Camaroptera undosa","Miombo Wren-warbler",100,0,0,0,0,0,0,0,0,0,"Invertebrate","Ref_11","A","Jennifer",0,0,50,50,0,0,0,0,"Ref_11",1,"Jessica",0,13,"Dunning08",1,"","","",NA,NA,NA,NA,NA,NA,NA,NA,NA,NA,NA,NA,NA
"154",1156,10583,"Passeriformes","Passeriformes","Zosteropidae","White-eyes",164,"BL3","Zosterops salvadorii","Enggano White-eye",50,0,0,0,0,0,30,10,10,0,"Omnivore","Ref_13","D1","Carolina",0,0,0,0,0,100,0,0,"Ref_44",1,"Christian",0,7,"PrimScale",1,"MarceloR","","",NA,NA,NA,NA,NA,NA,NA,NA,NA,NA,NA,NA,NA
"155",1157,10593,"Passeriformes","Passeriformes","Zosteropidae","White-eyes",164,"BL3","Zosterops montanus","Mountain White-eye",50,0,0,0,0,0,40,0,0,10,"Omnivore","Ref_13","A","Carolina",0,0,0,0,20,80,0,0,"Ref_44",1,"Christian",0,10.5,"Dunning08",1,"","","",NA,NA,NA,NA,NA,NA,NA,NA,NA,NA,NA,NA,NA
"156",1171,10703,"Passeriformes","Passeriformes","Sylviidae","Old World warblers",161,"BL3","Cettia canturians","Manchurian Bush-warbler",100,0,0,0,0,0,0,0,0,0,"Invertebrate","Ref_11","B","Jennifer",0,0,50,50,0,0,0,0,"Ref_11",1,"Jessica",0,16.2,"PrimScale",1,"MarceloR","","",NA,NA,NA,NA,NA,NA,NA,NA,NA,NA,NA,NA,NA
"157",1172,10704,"Passeriformes","Passeriformes","Sylviidae","Old World warblers",161,"BL3","Cettia diphone","Japanese Bush-warbler",100,0,0,0,0,0,0,0,0,0,"Invertebrate","Ref_11","B","Jennifer",0,0,50,50,0,0,0,0,"Ref_11",1,"Jessica",0,13.31,"Dunning08",1,"","","",NA,NA,NA,NA,NA,NA,NA,NA,NA,NA,NA,NA,NA
"158",1178,10710,"Passeriformes","Passeriformes","Sylviidae","Old World warblers",161,"BL3","Cettia vulcania","Sunda Bush-warbler",100,0,0,0,0,0,0,0,0,0,"Invertebrate","Ref_11","A","Jennifer",0,0,50,50,0,0,0,0,"Ref_11",1,"Jessica",0,12.89,"PrimScale",1,"MarceloR","","",NA,NA,NA,NA,NA,NA,NA,NA,NA,NA,NA,NA,NA
"159",1180,10713,"Passeriformes","Passeriformes","Sylviidae","Old World warblers",161,"BL3","Cettia flavolivacea","Aberrant Bush-warbler",100,0,0,0,0,0,0,0,0,0,"Invertebrate","Ref_11","B","Jennifer",0,0,0,100,0,0,0,0,"Ref_11",1,"Jessica",0,8,"Dunning08",1,"","","",NA,NA,NA,NA,NA,NA,NA,NA,NA,NA,NA,NA,NA
"160",1183,10733,"Passeriformes","Passeriformes","Sylviidae","Old World warblers",161,"BL3","Bradypterus thoracicus","Spotted Bush-warbler",100,0,0,0,0,0,0,0,0,0,"Invertebrate","Ref_11","B","Jennifer",0,0,50,50,0,0,0,0,"Ref_11",1,"Jessica",0,10.8,"Dunning08",1,"","","",NA,NA,NA,NA,NA,NA,NA,NA,NA,NA,NA,NA,NA
"161",1194,10760,"Passeriformes","Passeriformes","Sylviidae","Old World warblers",161,"BL3","Nesillas longicaudata","Anjouan Brush-warbler",100,0,0,0,0,0,0,0,0,0,"Invertebrate","Ref_11","A","Jennifer",0,0,20,80,0,0,0,0,"Ref_11",1,"Jessica",0,19.2,"Dunning08",1,"","","",NA,NA,NA,NA,NA,NA,NA,NA,NA,NA,NA,NA,NA
"162",1195,10798,"Passeriformes","Passeriformes","Sylviidae","Old World warblers",161,"IOC27","Acrocephalus baeticatus","African Reed Warbler",100,0,0,0,0,0,0,0,0,0,"Invertebrate","Ref_11","A","Jennifer",0,0,20,80,0,0,0,0,"Ref_11",1,"Jessica",0,10.2,"Dunning08",1,"","","",NA,NA,NA,NA,NA,NA,NA,NA,NA,NA,NA,NA,NA
"163",1203,10846,"Passeriformes","Passeriformes","Sylviidae","Old World warblers",161,"BL3","Chloropeta gracilirostris","Papyrus Yellow Warbler",100,0,0,0,0,0,0,0,0,0,"Invertebrate","Ref_11","A","Jennifer",0,0,0,40,30,30,0,0,"Ref_11",1,"Jessica",0,10.8,"Dunning08",1,"","","",NA,NA,NA,NA,NA,NA,NA,NA,NA,NA,NA,NA,NA
"164",1206,10868,"Passeriformes","Passeriformes","Cisticolidae","Cisticolas and allies",159,"IOC27","Eremomela salvadorii","Salvadori's Eremomela",100,0,0,0,0,0,0,0,0,0,"Invertebrate","Ref_11","A","Jennifer",0,0,10,30,30,30,0,0,"Ref_11",1,"Jessica",0,8.31,"GenAvg",0,"","","",NA,NA,NA,NA,NA,NA,NA,NA,NA,NA,NA,NA,NA
"165",1209,10985,"Passeriformes","Passeriformes","Sylviidae","Old World warblers",161,"BL3","Phylloscopus makirensis","Makira Leaf-warbler",100,0,0,0,0,0,0,0,0,0,"Invertebrate","Ref_11","D1","Jennifer",0,0,0,0,0,100,0,0,"Ref_11",1,"Jessica",0,9.2,"Dunning08",1,"","","",NA,NA,NA,NA,NA,NA,NA,NA,NA,NA,NA,NA,NA
"166",1215,10994,"Passeriformes","Passeriformes","Sylviidae","Old World warblers",161,"BL3","Seicercus grammiceps","Sunda Warbler",100,0,0,0,0,0,0,0,0,0,"Invertebrate","Ref_11","A","Jennifer",0,0,0,20,60,20,0,0,"Ref_11",1,"Jessica",0,5,"PrimScale",1,"MarceloR","","",NA,NA,NA,NA,NA,NA,NA,NA,NA,NA,NA,NA,NA
"167",1216,11010,"Passeriformes","Passeriformes","Sylviidae","Old World warblers",161,"BL3","Megalurus timoriensis","Tawny Grassbird",80,0,0,0,0,0,0,0,20,0,"Invertebrate","Ref_11","A","Jennifer",0,0,50,50,0,0,0,0,"Ref_11",1,"Jessica",0,21.55,"Dunning08",1,"","","",NA,NA,NA,NA,NA,NA,NA,NA,NA,NA,NA,NA,NA
"168",1219,11014,"Passeriformes","Passeriformes","Sylviidae","Old World warblers",161,"BL3","Bowdleria punctata","New Zealand Fernbird",100,0,0,0,0,0,0,0,0,0,"Invertebrate","Ref_11","A","Jennifer",0,0,50,50,0,0,0,0,"Ref_11",1,"Jessica",0,25.17,"Dunning08",1,"","","",NA,NA,NA,NA,NA,NA,NA,NA,NA,NA,NA,NA,NA
"169",1224,11072,"Passeriformes","Passeriformes","Timaliidae","Babblers and parrotbills",163,"BL3","Strophocincla cachinnans","Black-chinned Laughingthrush",60,0,0,0,0,0,20,10,0,10,"Invertebrate","Ref_12","A","Jennifer",0,0,50,50,0,0,0,0,"Ref_11",1,"Jessica",0,78.64,"GenAvg",0,"","","",NA,NA,NA,NA,NA,NA,NA,NA,NA,NA,NA,NA,NA
"170",1242,11137,"Passeriformes","Passeriformes","Timaliidae","Babblers and parrotbills",163,"BL3","Pseudoalcippe abyssinica","African Hill Babbler",70,0,0,0,0,0,20,0,10,0,"Invertebrate","Ref_12","A","Jennifer",0,0,0,20,80,0,0,0,"Ref_11",1,"Jessica",0,18.8,"Dunning08",1,"","","",NA,NA,NA,NA,NA,NA,NA,NA,NA,NA,NA,NA,NA
"171",1248,11155,"Passeriformes","Passeriformes","Timaliidae","Babblers and parrotbills",163,"BL3","Jabouilleia danjoui","Short-tailed Scimitar-babbler",100,0,0,0,0,0,0,0,0,0,"Invertebrate","Ref_12","A","Jennifer",0,0,100,0,0,0,0,0,"Ref_12",1,"Cody",0,35.5,"PrimScale",1,"Average of two values; Rappole et al 2005 ","","",NA,NA,NA,NA,NA,NA,NA,NA,NA,NA,NA,NA,NA
"172",1250,11165,"Passeriformes","Passeriformes","Timaliidae","Babblers and parrotbills",163,"BL3","Gypsophila crispifrons","Limestone Wren-babbler",50,0,0,0,0,0,0,0,50,0,"Omnivore","Ref_12","A","Jennifer",0,0,50,50,0,0,0,0,"Ref_11",1,"Jessica",0,27,"Dunning08",1,"","","",NA,NA,NA,NA,NA,NA,NA,NA,NA,NA,NA,NA,NA
"173",1256,11190,"Passeriformes","Passeriformes","Timaliidae","Babblers and parrotbills",163,"BL3","Stachyris ambigua","Buff-chested Babbler",80,0,0,0,0,0,20,0,0,0,"Invertebrate","Ref_12","A","Jennifer",0,0,0,80,20,0,0,0,"Ref_11",1,"Jessica",0,9.7,"Dunning08",1,"","","",NA,NA,NA,NA,NA,NA,NA,NA,NA,NA,NA,NA,NA
"174",1257,11192,"Passeriformes","Passeriformes","Timaliidae","Babblers and parrotbills",163,"BL3","Stachyris rufifrons","Rufous-fronted Babbler",80,0,0,0,0,0,20,0,0,0,"Invertebrate","Ref_12","A","Jennifer",0,0,0,80,20,0,0,0,"Ref_11",1,"Jessica",0,10.6,"Dunning08",1,"","","",NA,NA,NA,NA,NA,NA,NA,NA,NA,NA,NA,NA,NA
"175",1271,11216,"Passeriformes","Passeriformes","Timaliidae","Babblers and parrotbills",163,"BL3","Stachyris erythroptera","Chestnut-winged Babbler",80,0,0,0,0,0,20,0,0,0,"Invertebrate","Ref_12","A","Jennifer",0,0,0,0,100,0,0,0,"Ref_11",1,"Jessica",0,12.6,"Dunning08",1,"","","",NA,NA,NA,NA,NA,NA,NA,NA,NA,NA,NA,NA,NA
"176",1274,11222,"Passeriformes","Passeriformes","Timaliidae","Babblers and parrotbills",163,"BL3","Macronous flavicollis","Grey-cheeked Tit-babbler",100,0,0,0,0,0,0,0,0,0,"Invertebrate","Ref_12","A","Jennifer",0,0,0,20,80,0,0,0,"Ref_11",1,"Jessica",0,20,"PrimScale",1,"MarceloR","","",NA,NA,NA,NA,NA,NA,NA,NA,NA,NA,NA,NA,NA
"177",1292,11267,"Passeriformes","Passeriformes","Timaliidae","Babblers and parrotbills",163,"BL3","Babax lanceolatus","Chinese Babax",50,0,0,0,0,0,0,0,50,0,"Omnivore","Ref_12","A","Jennifer",0,0,40,40,20,0,0,0,"Ref_11",1,"Jessica",0,32,"PrimScale",1,"MarceloR","","",NA,NA,NA,NA,NA,NA,NA,NA,NA,NA,NA,NA,NA
"178",1323,11358,"Passeriformes","Passeriformes","Timaliidae","Babblers and parrotbills",163,"BL3","Paradoxornis brunneus","Brown-winged Parrotbill",70,0,0,0,0,0,0,0,30,0,"Invertebrate","Ref_12","A","Jennifer",0,0,0,100,0,0,0,0,"Ref_11",1,"Jessica",0,20.73,"GenAvg",0,"","","",NA,NA,NA,NA,NA,NA,NA,NA,NA,NA,NA,NA,NA
"179",1332,11367,"Passeriformes","Passeriformes","Timaliidae","Babblers and parrotbills",163,"BL3","Paradoxornis ruficeps","Rufous-headed Parrotbill",60,0,0,0,0,0,20,0,20,0,"Invertebrate","Ref_12","A","Jennifer",0,0,0,100,0,0,0,0,"Ref_11",1,"Jessica",0,32,"Dunning08",1,"","","",NA,NA,NA,NA,NA,NA,NA,NA,NA,NA,NA,NA,NA
"180",1334,11388,"Passeriformes","Passeriformes","Sylviidae","Old World warblers",161,"BL3","Sylvia minula","Small Whitethroat",80,0,0,0,0,0,0,20,0,0,"Invertebrate","Ref_11","A","Jennifer",0,0,100,0,0,0,0,0,"Ref_11",1,"Jessica",0,11,"PrimScale",1,"MarceloR","","",NA,NA,NA,NA,NA,NA,NA,NA,NA,NA,NA,NA,NA
"181",1335,11389,"Passeriformes","Passeriformes","Sylviidae","Old World warblers",161,"BL3","Sylvia althaea","Hume's Whitethroat",90,0,0,0,0,0,10,0,0,0,"Invertebrate","Ref_11","A","Jennifer",0,0,0,50,50,0,0,0,"Ref_11",1,"Jessica",0,14.9,"Dunning08",1,"","","",NA,NA,NA,NA,NA,NA,NA,NA,NA,NA,NA,NA,NA
"182",1337,11414,"Passeriformes","Passeriformes","Alaudidae","Larks",158,"BL3","Mirafra cantillans","Singing Bushlark",50,0,0,0,0,0,0,0,50,0,"Omnivore","Ref_9","A","Carolina",0,0,100,0,0,0,0,0,"Ref_9",1,"Jessica",0,18.69,"Dunning08",1,"","","",NA,NA,NA,NA,NA,NA,NA,NA,NA,NA,NA,NA,NA
"183",1342,11449,"Passeriformes","Passeriformes","Alaudidae","Larks",158,"BL3","Heteromirafra sidamoensis","Liben Lark",80,0,0,0,0,0,0,0,20,0,"Invertebrate","Ref_9","D1","Carolina",0,0,100,0,0,0,0,0,"Ref_9",1,"Jessica",0,30.2,"Dunning08",1,"","","",NA,NA,NA,NA,NA,NA,NA,NA,NA,NA,NA,NA,NA
"184",1343,11455,"Passeriformes","Passeriformes","Alaudidae","Larks",158,"BL3","Certhilauda erythrochlamys","Dune Lark",60,0,0,0,0,0,0,0,40,0,"Invertebrate","Ref_9","A","Carolina",0,0,100,0,0,0,0,0,"Ref_9",1,"Jessica",0,28.06,"Dunning08",1,"","","",NA,NA,NA,NA,NA,NA,NA,NA,NA,NA,NA,NA,NA
"185",1349,11500,"Passeriformes","Passeriformes","Alaudidae","Larks",158,"BL3","Calandrella rufescens","Lesser Short-toed Lark",40,0,0,0,0,0,10,0,40,10,"Omnivore","Ref_9","A","Carolina",0,0,100,0,0,0,0,0,"Ref_9",1,"Jessica",0,24.1,"Dunning08",1,"","","",NA,NA,NA,NA,NA,NA,NA,NA,NA,NA,NA,NA,NA
"186",1350,11501,"Passeriformes","Passeriformes","Alaudidae","Larks",158,"BL3","Calandrella cheleensis","Asian Short-toed Lark",50,0,0,0,0,0,0,0,50,0,"Omnivore","Ref_9","A","Carolina",0,0,100,0,0,0,0,0,"Ref_9",1,"Jessica",0,22.2,"Dunning08",1,"","","",NA,NA,NA,NA,NA,NA,NA,NA,NA,NA,NA,NA,NA
"187",1355,11530,"Passeriformes","Passeriformes","Alaudidae","Larks",158,"BL3","Alauda japonica","Japanese Skylark",40,0,0,0,0,0,0,0,40,20,"PlantSeed","Ref_9","A","Carolina",0,0,100,0,0,0,0,0,"Ref_9",1,"Jessica",0,31.75,"GenAvg",0,"","","",NA,NA,NA,NA,NA,NA,NA,NA,NA,NA,NA,NA,NA
"188",1356,11555,"Passeriformes","Passeriformes","Dicaeidae","Flowerpeckers",181,"BL3","Dicaeum aeruginosum","Striped Flowerpecker",20,0,0,0,0,0,60,0,0,20,"FruiNect","Ref_13","A","Carolina",0,0,0,20,20,60,0,0,"Ref_28",1,"Christian",0,11,"PrimScale",1,"","","",NA,NA,NA,NA,NA,NA,NA,NA,NA,NA,NA,NA,NA
"189",1358,11596,"Passeriformes","Passeriformes","Nectariniidae","Sunbirds",168,"BL3","Anthreptes fraseri","Scarlet-tufted Sunbird",80,0,0,0,0,0,10,10,0,0,"Invertebrate","Ref_13","C","Carolina",0,0,0,20,40,40,0,0,"Ref_28",1,"Christian",0,11.31,"Dunning08",1,"","","",NA,NA,NA,NA,NA,NA,NA,NA,NA,NA,NA,NA,NA
"190",1390,11640,"Passeriformes","Passeriformes","Nectariniidae","Sunbirds",168,"BL3","Nectarinia sperata","Purple-throated Sunbird",30,0,0,0,0,0,20,30,20,0,"Omnivore","Ref_13","A","Carolina",0,0,0,20,40,40,0,0,"Ref_28",1,"Other",0,6.4,"Dunning08",1,"","","",NA,NA,NA,NA,NA,NA,NA,NA,NA,NA,NA,NA,NA
"191",1393,11644,"Passeriformes","Passeriformes","Nectariniidae","Sunbirds",168,"BL3","Nectarinia jugularis","Olive-backed Sunbird",40,0,0,0,0,0,30,30,0,0,"FruiNect","Ref_13","A","Carolina",0,0,0,60,20,20,0,0,"Ref_28",1,"Christian",0,8.99,"Dunning08",1,"","","",NA,NA,NA,NA,NA,NA,NA,NA,NA,NA,NA,NA,NA
"192",1407,11658,"Passeriformes","Passeriformes","Nectariniidae","Sunbirds",168,"BL3","Nectarinia habessinica","Shining Sunbird",30,0,0,0,0,0,30,40,0,0,"FruiNect","Ref_13","A","Carolina",0,0,0,70,30,0,0,0,"Ref_28",1,"Christian",0,9.5,"Dunning08",1,"","","",NA,NA,NA,NA,NA,NA,NA,NA,NA,NA,NA,NA,NA
"193",1409,11660,"Passeriformes","Passeriformes","Nectariniidae","Sunbirds",168,"BL3","Nectarinia manoensis","Miombo Double-collared Sunbird",50,0,0,0,0,0,0,50,0,0,"Omnivore","Ref_13","A","Carolina",0,0,0,30,40,10,20,0,"Ref_28",1,"Christian",0,9.48,"Dunning08",1,"","","",NA,NA,NA,NA,NA,NA,NA,NA,NA,NA,NA,NA,NA
"194",1411,11663,"Passeriformes","Passeriformes","Nectariniidae","Sunbirds",168,"BL3","Nectarinia afra","Greater Double-collared Sunbird",60,0,0,0,0,0,0,40,0,0,"Invertebrate","Ref_13","A","Carolina",0,0,0,20,40,20,20,0,"Ref_28",1,"Christian",0,11.1,"Dunning08",1,"","","",NA,NA,NA,NA,NA,NA,NA,NA,NA,NA,NA,NA,NA
"195",1415,11669,"Passeriformes","Passeriformes","Nectariniidae","Sunbirds",168,"BL3","Nectarinia mediocris","Eastern Double-collared Sunbird",50,0,0,0,0,0,0,50,0,0,"Omnivore","Ref_13","A","Carolina",0,0,0,40,40,10,10,0,"Ref_28",1,"Christian",0,8.19,"Dunning08",1,"","","",NA,NA,NA,NA,NA,NA,NA,NA,NA,NA,NA,NA,NA
"196",1431,11692,"Passeriformes","Passeriformes","Nectariniidae","Sunbirds",168,"BL3","Nectarinia bifasciata","Purple-banded Sunbird",30,0,0,0,0,0,0,40,30,0,"Omnivore","Ref_13","A","Carolina",0,0,0,50,40,10,0,0,"Ref_28",1,"Christian",0,7.18,"Dunning08",1,"","","",NA,NA,NA,NA,NA,NA,NA,NA,NA,NA,NA,NA,NA
"197",1434,11699,"Passeriformes","Passeriformes","Nectariniidae","Sunbirds",168,"BL3","Nectarinia notata","Long-billed Green Sunbird",40,0,0,0,0,0,0,30,30,0,"Omnivore","Ref_13","A","Carolina",0,0,0,0,30,70,0,0,"Ref_28",1,"Christian",0,14.57,"Dunning08",1,"","","",NA,NA,NA,NA,NA,NA,NA,NA,NA,NA,NA,NA,NA
"198",1438,11703,"Passeriformes","Passeriformes","Nectariniidae","Sunbirds",168,"BL3","Nectarinia pulchella","Beautiful Sunbird",30,0,0,0,0,0,0,40,0,30,"Omnivore","Ref_13","A","Carolina",0,0,0,40,60,0,0,0,"Ref_28",1,"Christian",0,7.03,"Dunning08",1,"","","",NA,NA,NA,NA,NA,NA,NA,NA,NA,NA,NA,NA,NA
"199",1440,11728,"Passeriformes","Passeriformes","Nectariniidae","Sunbirds",168,"BL3","Arachnothera everetti","Bornean Spiderhunter",60,0,0,0,0,0,0,40,0,0,"Invertebrate","Ref_13","C","Carolina",0,0,0,40,30,30,0,0,"Ref_28",1,"Christian",0,29.2,"PrimScale",1,"","","",NA,NA,NA,NA,NA,NA,NA,NA,NA,NA,NA,NA,NA
"200",1441,11738,"Passeriformes","Passeriformes","Melanocharitidae","Berrypeckers",124,"BL3","Melanocharis crassirostris","Spotted Berrypecker",40,0,0,0,0,0,60,0,0,0,"FruiNect","Ref_13","A","Carolina",0,0,0,0,70,30,0,0,"Ref_39",1,"Jessica",0,18,"Dunning08",1,"","","",NA,NA,NA,NA,NA,NA,NA,NA,NA,NA,NA,NA,NA
"201",1456,11844,"Passeriformes","Passeriformes","Motacillidae","Wagtails and pipits",170,"BL3","Anthus longicaudatus","Long-tailed Pipit",90,0,0,0,0,0,0,0,10,0,"Invertebrate","Ref_9","D1","Carolina",0,0,100,0,0,0,0,0,"Ref_9",1,"Christian",0,32.2,"Dunning08",1,"","","",NA,NA,NA,NA,NA,NA,NA,NA,NA,NA,NA,NA,NA
"202",1458,11906,"Passeriformes","Passeriformes","Prunellidae","Accentors",186,"BL3","Prunella fagani","Yemen Accentor",50,0,0,0,0,0,0,0,50,0,"Omnivore","Ref_10","A","Carolina",0,0,50,50,0,0,0,0,"Ref_10",1,"Jessica",0,21.9,"Dunning08",1,"","","",NA,NA,NA,NA,NA,NA,NA,NA,NA,NA,NA,NA,NA
"203",1465,12113,"Passeriformes","Passeriformes","Estrildidae","Waxbills, grass finches, munias and allies",169,"BL3","Estrilda melanotis","Swee Waxbill",30,0,0,0,0,0,0,0,70,0,"PlantSeed","Ref_15","A","Jennifer",0,0,60,20,20,0,0,0,"Ref_27",1,"Jessica",0,6.51,"Dunning08",1,"","","",NA,NA,NA,NA,NA,NA,NA,NA,NA,NA,NA,NA,NA
"204",1466,12135,"Passeriformes","Passeriformes","Estrildidae","Waxbills, grass finches, munias and allies",169,"IOC27","Ortygospiza gabonensis","Black-chinned Quail-Finch",20,0,0,0,0,0,0,0,60,20,"PlantSeed","Ref_15","A","Jennifer",0,0,100,0,0,0,0,0,"Ref_27",1,"Jessica",0,12.67,"GenAvg",0,"","","",NA,NA,NA,NA,NA,NA,NA,NA,NA,NA,NA,NA,NA
"205",1468,12162,"Passeriformes","Passeriformes","Estrildidae","Waxbills, grass finches, munias and allies",169,"BL3","Erythrura regia","Royal Parrotfinch",20,0,0,0,0,0,40,10,30,0,"Omnivore","Ref_15","A","Jennifer",0,0,0,0,60,40,0,0,"Ref_27",1,"Jessica",0,13.78,"GenAvg",0,"","","",NA,NA,NA,NA,NA,NA,NA,NA,NA,NA,NA,NA,NA
"206",1473,12168,"Passeriformes","Passeriformes","Estrildidae","Waxbills, grass finches, munias and allies",169,"BL3","Lonchura bicolor","Black-and-white Munia",10,0,0,0,0,0,10,0,60,20,"PlantSeed","Ref_15","A","Jennifer",0,0,50,50,0,0,0,0,"Ref_27",1,"Jessica",0,9.9,"Dunning08",1,"","","",NA,NA,NA,NA,NA,NA,NA,NA,NA,NA,NA,NA,NA
"207",1477,12201,"Passeriformes","Passeriformes","Estrildidae","Waxbills, grass finches, munias and allies",169,"BL3","Lonchura nigerrima","New Hanover Munia",0,0,0,0,0,0,0,0,100,0,"PlantSeed","Ref_15","A","Jennifer",0,0,60,40,0,0,0,0,"Genus",0,"Walter",0,13.27,"GenAvg",0,"","","",NA,NA,NA,NA,NA,NA,NA,NA,NA,NA,NA,NA,NA
"208",1492,12273,"Passeriformes","Passeriformes","Fringillidae","Finches and Hawaiian honeycreepers",188,"BL3","Serinus atrogularis","Black-throated Seedeater",10,0,0,0,0,0,10,0,70,10,"PlantSeed","Ref_15","A","Jennifer",0,0,50,0,50,0,0,0,"Ref_27",1,"Jessica",0,11.4,"Dunning08",1,"","","",NA,NA,NA,NA,NA,NA,NA,NA,NA,NA,NA,NA,NA
"209",1501,12284,"Passeriformes","Passeriformes","Fringillidae","Finches and Hawaiian honeycreepers",188,"BL3","Serinus reichardi","Reichard's Seedeater",20,0,0,0,0,0,0,0,80,0,"PlantSeed","Ref_15","B","Jennifer",0,0,30,30,20,20,0,0,"Genus",0,"Other",0,15.42,"Dunning08",1,"","","",NA,NA,NA,NA,NA,NA,NA,NA,NA,NA,NA,NA,NA
"210",1502,12286,"Passeriformes","Passeriformes","Fringillidae","Finches and Hawaiian honeycreepers",188,"BL3","Serinus gularis","Streaky-headed Seedeater",20,0,0,0,0,0,20,0,20,40,"PlantSeed","Ref_15","A","Jennifer",0,0,33,33,33,0,0,0,"Ref_27",1,"Jessica",0,16,"Dunning08",1,"","","",NA,NA,NA,NA,NA,NA,NA,NA,NA,NA,NA,NA,NA
"211",1507,12293,"Passeriformes","Passeriformes","Fringillidae","Finches and Hawaiian honeycreepers",188,"BL3","Serinus striolatus","Streaky Seedeater",30,0,0,0,0,0,30,0,40,0,"Omnivore","Ref_15","A","Jennifer",0,0,50,50,0,0,0,0,"Ref_27",1,"Jessica",0,22.4,"Dunning08",1,"","","",NA,NA,NA,NA,NA,NA,NA,NA,NA,NA,NA,NA,NA
"212",1514,12308,"Passeriformes","Passeriformes","Fringillidae","Finches and Hawaiian honeycreepers",188,"BL3","Serinus estherae","Mountain Serin",0,0,0,0,0,0,50,0,50,0,"Omnivore","Ref_15","C","Jennifer",0,0,100,0,0,0,0,0,"Ref_32",1,"Christian",0,15.37,"GenAvg",0,"","","",NA,NA,NA,NA,NA,NA,NA,NA,NA,NA,NA,NA,NA
"213",1540,12341,"Passeriformes","Passeriformes","Fringillidae","Finches and Hawaiian honeycreepers",188,"BL3","Carduelis hornemanni","Hoary Redpoll",0,0,0,0,0,0,0,0,40,60,"PlantSeed","Ref_15","A","Jennifer",0,0,0,50,50,0,0,0,"Ref_27",1,"Jessica",0,15.2,"Dunning08",1,"","","",NA,NA,NA,NA,NA,NA,NA,NA,NA,NA,NA,NA,NA
"214",1541,12346,"Passeriformes","Passeriformes","Fringillidae","Finches and Hawaiian honeycreepers",188,"BL3","Carduelis flammea","Common Redpoll",30,0,0,0,0,0,0,0,40,30,"PlantSeed","Ref_15","A","Jennifer",0,0,100,0,0,0,0,0,"Ref_27",1,"Jessica",0,13,"Dunning08",1,"","","",NA,NA,NA,NA,NA,NA,NA,NA,NA,NA,NA,NA,NA
"215",1554,12372,"Passeriformes","Passeriformes","Fringillidae","Finches and Hawaiian honeycreepers",188,"BL3","Carpodacus eos","Pink-rumped Rosefinch",0,0,0,0,0,0,0,0,100,0,"PlantSeed","Ref_15","C","Jennifer",0,0,100,0,0,0,0,0,"Ref_27",1,"Jessica",0,27.02,"GenAvg",0,"","","",NA,NA,NA,NA,NA,NA,NA,NA,NA,NA,NA,NA,NA
"216",1577,12571,"Passeriformes","Passeriformes","Emberizidae","Buntings, American sparrows and allies",192,"BL3","Amphispiza belli","Sage Sparrow",60,0,0,0,0,0,0,0,40,0,"Invertebrate","Ref_17","A","Jennifer",0,0,80,20,0,0,0,0,"Ref_31",1,"Christian",0,16.99,"Dunning08",1,"","","",NA,NA,NA,NA,NA,NA,NA,NA,NA,NA,NA,NA,NA
"217",1601,12680,"Passeriformes","Passeriformes","Parulidae","New World warblers",171,"BL3","Parula pitiayumi","Tropical Parula",70,0,0,0,0,0,20,0,0,10,"Invertebrate","Ref_15","A","Jennifer",0,0,0,0,0,100,0,0,"Ref_29",1,"Jessica",0,6.82,"Dunning08",1,"","","",NA,NA,NA,NA,NA,NA,NA,NA,NA,NA,NA,NA,NA
"218",1609,12692,"Passeriformes","Passeriformes","Parulidae","New World warblers",171,"BL3","Dendroica coronata","Yellow-rumped Warbler",70,0,0,0,0,0,10,10,10,0,"Invertebrate","Ref_15","A","Jennifer",0,0,0,50,50,0,0,0,"Ref_29",1,"Jessica",0,11.94,"Dunning08",1,"","","",NA,NA,NA,NA,NA,NA,NA,NA,NA,NA,NA,NA,NA
"219",1616,12702,"Passeriformes","Passeriformes","Parulidae","New World warblers",171,"BL3","Dendroica dominica","Yellow-throated Warbler",100,0,0,0,0,0,0,0,0,0,"Invertebrate","Ref_15","A","Jennifer",0,0,0,0,20,80,0,0,"Ref_29",1,"Jessica",0,9.69,"Dunning08",1,"","","",NA,NA,NA,NA,NA,NA,NA,NA,NA,NA,NA,NA,NA
"220",1636,12745,"Passeriformes","Passeriformes","Parulidae","New World warblers",171,"IOC27","Geothlypis velata","Southern Yellowthroat",100,0,0,0,0,0,0,0,0,0,"Invertebrate","Ref_15","A","Jennifer",0,0,0,100,0,0,0,0,"Ref_29",1,"Jessica",0,13.1,"Dunning08",1,"","","",NA,NA,NA,NA,NA,NA,NA,NA,NA,NA,NA,NA,NA
"221",1644,12772,"Passeriformes","Passeriformes","Parulidae","New World warblers",171,"BL3","Basileuterus bivittatus","Two-banded Warbler",100,0,0,0,0,0,0,0,0,0,"Invertebrate","Ref_15","A","Jennifer",0,0,0,20,80,0,0,0,"Ref_29",1,"Jessica",0,14.6,"Dunning08",1,"","","",NA,NA,NA,NA,NA,NA,NA,NA,NA,NA,NA,NA,NA
"222",1645,12773,"Passeriformes","Passeriformes","Parulidae","New World warblers",171,"BL3","Basileuterus chrysogaster","Golden-bellied Warbler",100,0,0,0,0,0,0,0,0,0,"Invertebrate","Ref_15","A","Jennifer",0,0,20,70,10,0,0,0,"Ref_29",1,"Jessica",0,11.2,"Dunning08",1,"","","",NA,NA,NA,NA,NA,NA,NA,NA,NA,NA,NA,NA,NA
"223",1648,12776,"Passeriformes","Passeriformes","Parulidae","New World warblers",171,"BL3","Basileuterus luteoviridis","Citrine Warbler",100,0,0,0,0,0,0,0,0,0,"Invertebrate","Ref_15","A","Jennifer",0,0,0,20,80,0,0,0,"Ref_29",1,"Jessica",0,12.92,"Dunning08",1,"","","",NA,NA,NA,NA,NA,NA,NA,NA,NA,NA,NA,NA,NA
"224",1658,12797,"Passeriformes","Passeriformes","Parulidae","New World warblers",171,"BL3","Phaeothlypis rivularis","Neotropical River Warbler",100,0,0,0,0,0,0,0,0,0,"Invertebrate","Ref_15","A","Jennifer",0,0,80,20,0,0,0,0,"Ref_29",1,"Jessica",0,13.5,"Dunning08",1,"","","",NA,NA,NA,NA,NA,NA,NA,NA,NA,NA,NA,NA,NA
"225",1662,12847,"Passeriformes","Passeriformes","Thraupidae","Tanagers",193,"BL3","Hemispingus atropileus","Black-capped Hemispingus",90,0,0,0,0,0,0,0,10,0,"Invertebrate","Ref_21","A","Jennifer",0,0,0,90,10,0,0,0,"Ref_21",1,"Christian",0,22,"PrimScale",1,"","","",NA,NA,NA,NA,NA,NA,NA,NA,NA,NA,NA,NA,NA
"226",1668,12853,"Passeriformes","Passeriformes","Thraupidae","Tanagers",193,"BL3","Hemispingus melanotis","Black-eared Hemispingus",80,0,0,0,0,0,0,0,20,0,"Invertebrate","Ref_21","A","Jennifer",0,0,0,60,30,10,0,0,"Ref_21",1,"Christian",0,16,"Dunning08",1,"","","",NA,NA,NA,NA,NA,NA,NA,NA,NA,NA,NA,NA,NA
"227",1675,12879,"Passeriformes","Passeriformes","Cardinalidae","Grosbeaks, saltators and allies",194,"BL3","Chlorothraupis carmioli","Olive Tanager",80,0,0,0,0,0,10,0,10,0,"Invertebrate","Ref_21","A","Jennifer",0,0,0,40,30,30,0,0,"Ref_21",1,"Christian",0,39,"PrimScale",1,"","","",NA,NA,NA,NA,NA,NA,NA,NA,NA,NA,NA,NA,NA
"228",1692,12943,"Passeriformes","Passeriformes","Thraupidae","Tanagers",193,"BL3","Thraupis bonariensis","Blue-and-yellow Tanager",0,0,0,0,0,0,80,0,10,10,"FruiNect","Ref_21","A","Jennifer",0,0,0,30,30,40,0,0,"Ref_21",1,"Christian",0,36,"Dunning08",1,"","","",NA,NA,NA,NA,NA,NA,NA,NA,NA,NA,NA,NA,NA
"229",1717,13135,"Passeriformes","Passeriformes","Emberizidae","Buntings, American sparrows and allies",192,"BL3","Poospiza torquata","Ringed Warbling-finch",40,0,0,0,0,0,20,0,30,10,"Omnivore","Other","D2","",0,0,50,50,0,0,0,0,"Ref_33
",1,"Christian",0,11,"Dunning08",1,"","","",NA,NA,NA,NA,NA,NA,NA,NA,NA,NA,NA,NA,NA
"230",1721,13179,"Passeriformes","Passeriformes","Emberizidae","Buntings, American sparrows and allies",192,"BL3","Sporophila melanops","Hooded Seedeater",20,0,0,0,0,0,0,0,80,0,"PlantSeed","Other","D1","",0,0,30,70,0,0,0,0,"Ref_33
",1,"Christian",0,10.77,"GenAvg",0,"","","",NA,NA,NA,NA,NA,NA,NA,NA,NA,NA,NA,NA,NA
"231",1727,13211,"Passeriformes","Passeriformes","Cardinalidae","Grosbeaks, saltators and allies",194,"BL3","Amaurospiza concolor","Blue Seedeater",40,0,0,0,0,0,0,0,20,40,"PlantSeed","Ref_22","A","Jennifer",0,0,20,80,0,0,0,0,"Ref_33
",1,"Other",0,13.1,"Dunning08",1,"","","",NA,NA,NA,NA,NA,NA,NA,NA,NA,NA,NA,NA,NA
"232",1728,13214,"Passeriformes","Passeriformes","Emberizidae","Buntings, American sparrows and allies",192,"BL3","Melopyrrha nigra","Cuban Bullfinch",40,0,0,0,0,0,20,0,30,10,"Omnivore","Other","D2","",0,0,0,30,70,0,0,0,"Lack 76",1,"Christian",0,14.88,"Dunning08",1,"","","",NA,NA,NA,NA,NA,NA,NA,NA,NA,NA,NA,NA,NA
"233",1744,13305,"Passeriformes","Passeriformes","Cardinalidae","Grosbeaks, saltators and allies",194,"BL3","Cyanocompsa cyanoides","Blue-black Grosbeak",20,0,0,0,0,0,70,0,10,0,"FruiNect","Ref_19","A","Jennifer",0,0,70,30,0,0,0,0,"Ref_33",1,"Christian",0,32.5,"Dunning08",1,"","","",NA,NA,NA,NA,NA,NA,NA,NA,NA,NA,NA,NA,NA
"234",1758,19006,"Nonpasseriformes","Charadriiformes","Laridae","Gulls and terns",61,"BL3","Larus thayeri","Thayer's Gull",30,0,0,40,0,30,0,0,0,0,"VertFishScav","Ref_3","A","Carolina",0,80,20,0,0,0,0,1,"Ref_3",1,"Other",0,942.48,"Dunning08",1,"","","",NA,NA,NA,NA,NA,NA,NA,NA,NA,NA,NA,NA,NA
"235",1760,19017,"Nonpasseriformes","Cuculiformes","Cuculidae","Cuckoos",67,"BL3","Cuculus optatus","Oriental Cuckoo",100,0,0,0,0,0,0,0,0,0,"Invertebrate","Ref_4","A","Carolina",0,0,20,20,40,20,0,0,"Ref_4",1,"Jessica",0,99,"PrimScale",1,"","","",NA,NA,NA,NA,NA,NA,NA,NA,NA,NA,NA,NA,NA
"236",1762,19031,"Nonpasseriformes","Caprimulgiformes","Caprimulgidae","Nightjars",75,"BL3","Caprimulgus ruwenzorii","Ruwenzori Nightjar",100,0,0,0,0,0,0,0,0,0,"Invertebrate","Ref_5","A","Hamish",0,0,0,40,10,10,40,0,"Ref_5",1,"Other",1,48.93,"Dunning08",1,"","","",NA,NA,NA,NA,NA,NA,NA,NA,NA,NA,NA,NA,NA
"237",1763,19032,"Nonpasseriformes","Caprimulgiformes","Caprimulgidae","Nightjars",75,"BL3","Caprimulgus nigriscapularis","Black-shouldered Nightjar",100,0,0,0,0,0,0,0,0,0,"Invertebrate","Ref_5","B","Hamish",0,0,0,0,70,10,20,0,"Ref_5",1,"Christian",1,49,"Dunning08",1,"","","",NA,NA,NA,NA,NA,NA,NA,NA,NA,NA,NA,NA,NA
"238",1764,19503,"Passeriformes","Passeriformes","Tyrannidae","Tyrant-flycatchers",105,"IOC27","Zimmerius flavidifrons","Loja Tyrannulet",50,0,0,0,0,0,50,0,0,0,"Omnivore","Ref_9","A","Carolina",0,0,0,0,0,100,0,0,"Ref_9",1,"Jessica",0,10.5,"PrimScale",1,"","","",NA,NA,NA,NA,NA,NA,NA,NA,NA,NA,NA,NA,NA
"239",1766,19536,"Passeriformes","Passeriformes","Thamnophilidae","Antbirds",106,"BL3","Epinecrophylla fjeldsaai","Brown-backed Antwren",100,0,0,0,0,0,0,0,0,0,"Invertebrate","Ref_8","B","Jennifer",0,0,0,50,50,0,0,0,"Ref_8",1,"Jessica",0,9.8,"Dunning08",1,"","","",NA,NA,NA,NA,NA,NA,NA,NA,NA,NA,NA,NA,NA
"240",1770,19564,"Passeriformes","Passeriformes","Corvidae","Crows and jays",147,"IOC27","Corvus minutus","Cuban Palm Crow",40,0,20,0,0,0,40,0,0,0,"Omnivore","Ref_14","A","Carolina",0,0,50,0,20,30,0,0,"Ref_30",1,"Other",0,287.82,"Dunning08",1,"","","",NA,NA,NA,NA,NA,NA,NA,NA,NA,NA,NA,NA,NA
"241",1771,19565,"Passeriformes","Passeriformes","Turdidae","Thrushes",178,"IOC27","Turdus daguae","Dagua Thrush",60,0,0,0,0,0,40,0,0,0,"Invertebrate","Ref_10","A","Carolina",0,0,80,0,20,0,0,0,"Ref_10",1,"Jessica",0,58.5,"PrimScale",1,"","","",NA,NA,NA,NA,NA,NA,NA,NA,NA,NA,NA,NA,NA
"242",1772,19580,"Passeriformes","Passeriformes","Parulidae","New World warblers",171,"IOC27","Dendroica aestiva","American Yellow Warbler",80,0,0,0,0,0,20,0,0,0,"Invertebrate","Ref_15","A","Jennifer",0,0,20,20,30,20,10,0,"Genus",0,"Walter",0,10.8,"PrimScale",1,"","","",NA,NA,NA,NA,NA,NA,NA,NA,NA,NA,NA,NA,NA
"243",1778,19589,"Passeriformes","Passeriformes","Thraupidae","Tanagers",193,"IOC27","Piranga lutea","Tooth-billed Tanager",70,0,0,0,0,0,30,0,0,0,"Invertebrate","Other","D1","Jennifer",0,0,0,10,30,60,0,0,"Ref_21",1,"Christian",0,34.6,"PrimScale",1,"","","",NA,NA,NA,NA,NA,NA,NA,NA,NA,NA,NA,NA,NA
"244",1780,19614,"Passeriformes","Passeriformes","Estrildidae","Waxbills, grass finches, munias and allies",169,"IOC27","Ortygospiza fuscocrissa","African Quail-Finch",20,0,0,0,0,0,0,0,60,20,"PlantSeed","Ref_15","A","Jennifer",0,0,100,0,0,0,0,0,"Ref_27",1,"Jessica",0,10.99,"Dunning08",1,"","","",NA,NA,NA,NA,NA,NA,NA,NA,NA,NA,NA,NA,NA
"245",1781,19615,"Passeriformes","Passeriformes","Fringillidae","Finches and Hawaiian honeycreepers",188,"BL3","Serinus whytii","Yellow-browed Seedeater",30,0,0,0,0,0,30,0,40,0,"Omnivore","Ref_15","A","Jennifer",0,0,50,50,0,0,0,0,"Ref_27",1,"Jessica",0,15.37,"GenAvg",0,"","","",NA,NA,NA,NA,NA,NA,NA,NA,NA,NA,NA,NA,NA
"246",1782,19618,"Passeriformes","Passeriformes","Emberizidae","Buntings, American sparrows and allies",192,"IOC27","Emberiza vincenti","Vincent's Bunting",30,0,0,0,0,0,0,0,60,10,"PlantSeed","Ref_15","D1","Jennifer",0,0,0,20,60,20,0,0,"Ref_42",1,"Jessica",0,22.4,"PrimScale",1,"","","",NA,NA,NA,NA,NA,NA,NA,NA,NA,NA,NA,NA,NA
"247",1783,19629,"Passeriformes","Passeriformes","Polioptilidae","Gnatcatchers",172,"BL3","Polioptila clementsi","Iquitos Gnatcatcher",100,0,0,0,0,0,0,0,0,0,"Invertebrate","Other","B","Cody",0,0,0,0,0,100,0,0,"Whitney and Alonso 2005",1,"Cody",0,5.6,"Dunning08",1,"","","",NA,NA,NA,NA,NA,NA,NA,NA,NA,NA,NA,NA,NA
"248",1784,19635,"Passeriformes","Passeriformes","Vangidae","Vangas",131,"BL3","Hypositta perdita","Bluntschli's Vanga",70,0,0,0,30,0,0,0,0,0,"Invertebrate","Other","D1","Cody",0,0,0,30,70,0,0,0,"Other",0,"Cody",0,14.1,"GenAvg",0,"","","",NA,NA,NA,NA,NA,NA,NA,NA,NA,NA,NA,NA,NA
"249",1785,19639,"Passeriformes","Passeriformes","Cardinalidae","Grosbeaks, saltators and allies",194,"BL3","Amaurospiza carrizalensis","Carrizal Seedeater",30,0,0,0,0,0,0,0,30,40,"Omnivore","Other","D1","Cody",0,0,50,50,0,0,0,0,"Other",0,"Cody",0,13.3,"PrimScale",1,"Average of 3 values; Lentino and Restall 2003","","",NA,NA,NA,NA,NA,NA,NA,NA,NA,NA,NA,NA,NA
"250",1791,19807,"Nonpasseriformes","Galliformes","Phasianidae","Grouse, pheasants and partridges",11,"BL3","Lophura hatinhensis","Vietnamese Pheasant",40,0,0,0,0,0,30,0,20,10,"Omnivore","Ref_2","D1","Jennifer",0,0,100,0,0,0,0,0,"Genus",0,"Walter",0,1090.96,"Dunning08",1,"","DataFromSplit","",NA,NA,NA,NA,NA,NA,NA,NA,NA,NA,NA,NA,NA
"251",1792,19808,"Nonpasseriformes","Galliformes","Phasianidae","Grouse, pheasants and partridges",11,"BL3","Lophura hoogerwerfi","Aceh Pheasant",40,0,0,0,0,0,30,0,20,10,"Omnivore","Ref_2","D1","Jennifer",0,0,100,0,0,0,0,0,"Genus",0,"Walter",0,1080.53,"GenAvg",0,"","DataFromSplit","",NA,NA,NA,NA,NA,NA,NA,NA,NA,NA,NA,NA,NA
"252",1799,19834,"Nonpasseriformes","Piciformes","Ramphastidae","Toucans and barbets",93,"BL3","Ramphastos swainsonii","Chestnut-mandibled Toucan",20,10,10,0,0,0,60,0,0,0,"FruiNect","Ref_7","A","Jennifer",0,0,0,10,30,60,0,0,"Ref_7",1,"Other",0,651.68,"Dunning08",1,"","DataFromSplit","",NA,NA,NA,NA,NA,NA,NA,NA,NA,NA,NA,NA,NA
"253",1800,19837,"Nonpasseriformes","Bucerotiformes","Bucerotidae","Hornbills",91,"BL3","Penelopides samarensis","Samar Hornbill",20,0,20,0,0,0,40,0,20,0,"Omnivore","Ref_6","A","Hamish",0,0,10,40,50,0,0,0,"Ref_6",1,"Other",0,485.12,"Dunning08",1,"","DataFromSplit","",NA,NA,NA,NA,NA,NA,NA,NA,NA,NA,NA,NA,NA
"254",1801,19842,"Nonpasseriformes","Trogoniformes","Trogonidae","Trogons",81,"BL3","Trogon aurantiiventris","Orange-bellied Trogon",60,0,0,0,0,0,40,0,0,0,"Invertebrate","Ref_6","A","Hamish",0,0,0,30,70,0,0,0,"Ref_6",1,"Christian",0,65.43,"Dunning08",1,"","DataFromSplit","",NA,NA,NA,NA,NA,NA,NA,NA,NA,NA,NA,NA,NA
"255",1802,19843,"Nonpasseriformes","Trogoniformes","Trogonidae","Trogons",81,"BL3","Trogon caligatus","Gartered Trogon",20,0,0,0,0,0,80,0,0,0,"FruiNect","Ref_6","A","Hamish",0,0,0,70,20,10,0,0,"Ref_6",1,"Christian",0,46.5,"Dunning08",1,"","DataFromSplit","",NA,NA,NA,NA,NA,NA,NA,NA,NA,NA,NA,NA,NA
"256",1803,19845,"Nonpasseriformes","Coraciiformes","Alcedinidae","Kingfishers",85,"BL3","Ceyx rufidorsa","Rufous-backed Kingfisher",80,0,10,10,0,0,0,0,0,0,"Invertebrate","Ref_6","A","Hamish",0,30,40,30,0,0,0,0,"Ref_6",1,"Christian",0,17.79,"Dunning08",1,"","DataFromSplit","",NA,NA,NA,NA,NA,NA,NA,NA,NA,NA,NA,NA,NA
"257",1804,19850,"Nonpasseriformes","Cuculiformes","Cuculidae","Cuckoos",67,"BL3","Cacomantis sepulcralis","Rusty-breasted Cuckoo",100,0,0,0,0,0,0,0,0,0,"Invertebrate","Ref_4","A","Carolina",0,0,0,40,40,20,0,0,"Ref_4",1,"Jessica",0,35.75,"Dunning08",1,"","DataFromSplit","",NA,NA,NA,NA,NA,NA,NA,NA,NA,NA,NA,NA,NA
"258",1805,19851,"Nonpasseriformes","Cuculiformes","Cuculidae","Cuckoos",67,"BL3","Chrysococcyx russatus","Gould's Bronze-cuckoo",100,0,0,0,0,0,0,0,0,0,"Invertebrate","Ref_4","A","Carolina",0,0,0,0,20,80,0,0,"Ref_4",1,"Jessica",0,18.6,"Dunning08",1,"","DataFromSplit","",NA,NA,NA,NA,NA,NA,NA,NA,NA,NA,NA,NA,NA
"259",1807,19853,"Nonpasseriformes","Cuculiformes","Cuculidae","Cuckoos",67,"BL3","Eudynamys melanorhynchus","Black-billed Koel",10,0,0,0,0,0,80,10,0,0,"FruiNect","Ref_4","A","Carolina",0,0,0,0,20,80,0,0,"Ref_4",1,"Jessica",0,194.92,"Dunning08",1,"","DataFromSplit","",NA,NA,NA,NA,NA,NA,NA,NA,NA,NA,NA,NA,NA
"260",1808,19855,"Nonpasseriformes","Cuculiformes","Cuculidae","Cuckoos",67,"BL3","Neomorphus squamiger","Scaled Ground-cuckoo",50,0,30,0,0,10,0,0,10,0,"Omnivore","Ref_4","A","Carolina",0,0,100,0,0,0,0,0,"Ref_4",1,"Jessica",0,355.03,"Dunning08",1,"","DataFromSplit","",NA,NA,NA,NA,NA,NA,NA,NA,NA,NA,NA,NA,NA
"261",1809,19856,"Nonpasseriformes","Psittaciformes","Psittacidae","Parrots",68,"BL3","Cyanoramphus saisseti","New Caledonian Parakeet",10,0,0,0,0,0,30,0,30,30,"PlantSeed","Ref_4","A","Carolina",0,0,20,40,40,0,0,0,"Ref_4",1,"Jessica",0,90.22,"Dunning08",1,"","DataFromSplit","",NA,NA,NA,NA,NA,NA,NA,NA,NA,NA,NA,NA,NA
"262",1810,19857,"Nonpasseriformes","Psittaciformes","Psittacidae","Parrots",68,"BL3","Cyanoramphus cookii","Norfolk Island Parakeet",10,0,0,0,0,0,30,0,30,30,"PlantSeed","Ref_4","A","Carolina",0,0,20,40,40,0,0,0,"Ref_4",1,"Jessica",0,90.22,"Dunning08",1,"","DataFromSplit","",NA,NA,NA,NA,NA,NA,NA,NA,NA,NA,NA,NA,NA
"263",1811,19863,"Nonpasseriformes","Apodiformes","Apodidae","Swifts",77,"BL3","Collocalia rogersi","Indochinese Swiftlet",100,0,0,0,0,0,0,0,0,0,"Invertebrate","Ref_5","A","Hamish",0,0,0,20,0,0,80,0,"Ref_5",1,"Other",0,13.42,"Dunning08",1,"","DataFromSplit","",NA,NA,NA,NA,NA,NA,NA,NA,NA,NA,NA,NA,NA
"264",1813,19865,"Nonpasseriformes","Apodiformes","Apodidae","Swifts",77,"BL3","Collocalia palawanensis","Palawan Swiftlet",100,0,0,0,0,0,0,0,0,0,"Invertebrate","Ref_5","A","Hamish",0,0,0,0,30,0,70,0,"Ref_5",1,"Christian",0,10.7,"Dunning08",1,"","DataFromSplit","",NA,NA,NA,NA,NA,NA,NA,NA,NA,NA,NA,NA,NA
"265",1814,19866,"Nonpasseriformes","Apodiformes","Apodidae","Swifts",77,"BL3","Collocalia amelis","Grey Swiftlet",100,0,0,0,0,0,0,0,0,0,"Invertebrate","Ref_5","A","Hamish",0,0,0,0,30,0,70,0,"Ref_5",1,"Christian",0,10.7,"Dunning08",1,"","DataFromSplit","",NA,NA,NA,NA,NA,NA,NA,NA,NA,NA,NA,NA,NA
"266",1815,19867,"Nonpasseriformes","Apodiformes","Apodidae","Swifts",77,"BL3","Collocalia ocista","Marquesan Swiftlet",100,0,0,0,0,0,0,0,0,0,"Invertebrate","Ref_5","D1","Hamish",0,0,0,0,0,20,80,0,"Ref_5",1,"Christian",0,13.35,"GenAvg",0,"","DataFromSplit","",NA,NA,NA,NA,NA,NA,NA,NA,NA,NA,NA,NA,NA
"267",1816,19868,"Nonpasseriformes","Apodiformes","Apodidae","Swifts",77,"BL3","Collocalia germani","German's Swiftlet",100,0,0,0,0,0,0,0,0,0,"Invertebrate","Ref_5","A","Hamish",0,0,0,0,0,0,100,0,"Ref_5",1,"Christian",0,10.7,"Dunning08",1,"","DataFromSplit","",NA,NA,NA,NA,NA,NA,NA,NA,NA,NA,NA,NA,NA
"268",1817,19870,"Nonpasseriformes","Apodiformes","Apodidae","Swifts",77,"BL3","Chaetura viridipennis","Amazonian Swift",100,0,0,0,0,0,0,0,0,0,"Invertebrate","Ref_5","D1","Hamish",0,0,0,20,0,0,80,0,"Ref_5",1,"Christian",0,23.83,"Dunning08",1,"","DataFromSplit","",NA,NA,NA,NA,NA,NA,NA,NA,NA,NA,NA,NA,NA
"269",1818,19874,"Nonpasseriformes","Apodiformes","Apodidae","Swifts",77,"BL3","Apus toulsoni","Loanda Swift",100,0,0,0,0,0,0,0,0,0,"Invertebrate","Ref_5","A","Hamish",0,0,0,10,10,0,80,0,"Ref_5",1,"Christian",0,27.45,"Dunning08",1,"","DataFromSplit","",NA,NA,NA,NA,NA,NA,NA,NA,NA,NA,NA,NA,NA
"270",1819,19876,"Nonpasseriformes","Apodiformes","Trochilidae","Hummingbirds",79,"BL3","Campylopterus excellens","Long-tailed Sabrewing",10,0,0,0,0,0,0,90,0,0,"FruiNect","Ref_5","A","Hamish",0,0,0,40,60,0,0,0,"Ref_5",1,"Christian",0,6,"Dunning08",1,"","DataFromSplit","",NA,NA,NA,NA,NA,NA,NA,NA,NA,NA,NA,NA,NA
"271",1820,19882,"Nonpasseriformes","Apodiformes","Trochilidae","Hummingbirds",79,"BL3","Chlorostilbon melanorhynchus","Western Emerald",10,0,0,0,0,0,0,90,0,0,"FruiNect","Ref_5","A","Hamish",0,0,0,40,50,10,0,0,"Ref_5",1,"Other",0,2.61,"Dunning08",1,"","DataFromSplit","",NA,NA,NA,NA,NA,NA,NA,NA,NA,NA,NA,NA,NA
"272",1822,19891,"Nonpasseriformes","Caprimulgiformes","Podargidae","Frogmouths",72,"BL3","Batrachostomus affinis","Blyth's Frogmouth",100,0,0,0,0,0,0,0,0,0,"Invertebrate","Ref_5","A","Hamish",0,0,10,10,70,10,0,0,"Ref_5",1,"Christian",1,46.34,"Dunning08",1,"","DataFromSplit","",NA,NA,NA,NA,NA,NA,NA,NA,NA,NA,NA,NA,NA
"273",1824,19901,"Nonpasseriformes","Charadriiformes","Recurvirostridae","Stilts and avocets",53,"BL3","Himantopus leucocephalus","White-headed Stilt",100,0,0,0,0,0,0,0,0,0,"Invertebrate","Ref_3","A","Carolina",0,100,0,0,0,0,0,0,"Ref_3",1,"Jessica",0,176.82,"Dunning08",1,"","DataFromSplit","",NA,NA,NA,NA,NA,NA,NA,NA,NA,NA,NA,NA,NA
"274",1825,19902,"Nonpasseriformes","Charadriiformes","Recurvirostridae","Stilts and avocets",53,"BL3","Himantopus mexicanus","Black-necked Stilt",100,0,0,0,0,0,0,0,0,0,"Invertebrate","Ref_3","A","Carolina",0,100,0,0,0,0,0,0,"Ref_3",1,"Jessica",0,176.82,"Dunning08",1,"","DataFromSplit","",NA,NA,NA,NA,NA,NA,NA,NA,NA,NA,NA,NA,NA
"275",1826,19904,"Nonpasseriformes","Charadriiformes","Stercorariidae","Skuas and jaegers",62,"BL3","Catharacta lonnbergi","Brown Skua",0,60,0,0,0,40,0,0,0,0,"VertFishScav","Ref_3","A","Carolina",0,30,70,0,0,0,0,1,"Ref_3",1,"Jessica",0,1650,"PrimScale",1,"","DataFromSplit","",NA,NA,NA,NA,NA,NA,NA,NA,NA,NA,NA,NA,NA
"276",1828,19916,"Nonpasseriformes","Falconiformes","Falconidae","Falcons and caracaras",35,"BL3","Falco pelegrinoides","Barbary Falcon",10,80,10,0,0,0,0,0,0,0,"VertFishScav","Ref_2","A","Jennifer",0,0,20,20,20,20,20,0,"Ref_2",1,"Other",0,759.95,"Dunning08",1,"","DataFromSplit","",NA,NA,NA,NA,NA,NA,NA,NA,NA,NA,NA,NA,NA
"277",1829,19921,"Nonpasseriformes","Pelecaniformes","Ardeidae","Herons and egrets",25,"BL3","Butorides virescens","Green Heron",30,0,30,40,0,0,0,0,0,0,"VertFishScav","Ref_1","A","Jennifer",0,80,20,0,0,0,0,0,"Ref_1",1,"Jessica",0,201.5,"Dunning08",1,"","DataFromSplit","",NA,NA,NA,NA,NA,NA,NA,NA,NA,NA,NA,NA,NA
"278",1831,19949,"Passeriformes","Passeriformes","Pipridae","Manakins",103,"BL3","Corapipo altera","White-ruffed Manakin",10,0,0,0,0,0,90,0,0,0,"FruiNect","Ref_9","B","Cody",0,0,0,50,50,0,0,0,"Other",0,"Cody",0,11.8,"Dunning08",1,"","","",NA,NA,NA,NA,NA,NA,NA,NA,NA,NA,NA,NA,NA
"279",1837,19973,"Passeriformes","Passeriformes","Laniidae","Shrikes",140,"BL3","Lanius marwitzi","Uhehe Fiscal",70,10,10,0,0,0,0,0,10,0,"Invertebrate","Ref_13","C","Cody",0,0,80,10,10,0,0,0,"Ref_13",0,"Cody",0,36.44,"Other",1,"Copied values Lanius collaris","","",NA,NA,NA,NA,NA,NA,NA,NA,NA,NA,NA,NA,NA
"280",1839,19975,"Passeriformes","Passeriformes","Corvidae","Crows and jays",147,"BL3","Corvus levaillantii","Jungle Crow",20,10,10,0,0,30,20,0,10,0,"Omnivore","Ref_14","A","Jennifer",0,0,100,0,0,0,0,0,"Ref_30",1,"Walter; Christian",0,513.14,"Dunning08",1,"","DataFromSplit","",NA,NA,NA,NA,NA,NA,NA,NA,NA,NA,NA,NA,NA
"281",1840,19978,"Passeriformes","Passeriformes","Malaconotidae","Helmetshrikes, bushshrikes and puffbacks",129,"BL3","Telophorus quadricolor","Four-coloured Bush-shrike",100,0,0,0,0,0,0,0,0,0,"Invertebrate","Ref_14","A","Cody",0,0,50,50,0,0,0,0,"Ref_14",0,"Cody",0,37.1,"Other",1,"Copied from Telophorus viridis","","",NA,NA,NA,NA,NA,NA,NA,NA,NA,NA,NA,NA,NA
"282",1846,19991,"Passeriformes","Passeriformes","Turdidae","Thrushes",178,"BL3","Zoothera tanganjicae","Kivu Ground-thrush",50,0,0,0,0,0,30,0,20,0,"Omnivore","Ref_10","A","Cody",0,0,80,10,10,0,0,0,"Ref_10",0,"Cody",0,51.1,"Other",1,"Copied from Zoothera piaggiae","","",NA,NA,NA,NA,NA,NA,NA,NA,NA,NA,NA,NA,NA
"283",1847,19992,"Passeriformes","Passeriformes","Turdidae","Thrushes",178,"BL3","Zoothera imbricata","Sri Lanka Scaly Thrush",80,0,0,0,0,0,20,0,0,0,"Invertebrate","Ref_10","A","Carolina",0,0,60,40,0,0,0,0,"Ref_10",1,"Jessica",0,134.13,"Dunning08",1,"","DataFromSplit","",NA,NA,NA,NA,NA,NA,NA,NA,NA,NA,NA,NA,NA
"284",1850,19999,"Passeriformes","Passeriformes","Sturnidae","Starlings",177,"BL3","Lamprotornis elisabeth","Southern Blue-eared Glossy-starling",30,0,0,0,0,0,40,30,0,0,"FruiNect","Ref_14","A","Carolina",0,0,50,50,0,0,0,0,"Ref_36",1,"Jessica",0,73.1,"Dunning08",1,"","DataFromSplit","",NA,NA,NA,NA,NA,NA,NA,NA,NA,NA,NA,NA,NA
"285",1851,20003,"Passeriformes","Passeriformes","Remizidae","Penduline-tits",155,"BL3","Remiz macronyx","Black-headed Penduline-tit",60,0,0,0,0,0,0,0,40,0,"Invertebrate","Ref_13","A","Cody",0,0,30,40,30,0,0,0,"Ref_13",0,"Cody",0,10.1,"Dunning08",1,"","","",NA,NA,NA,NA,NA,NA,NA,NA,NA,NA,NA,NA,NA
"286",1853,20006,"Passeriformes","Passeriformes","Pycnonotidae","Bulbuls",160,"BL3","Andropadus nigriceps","Eastern Mountain Greenbul",30,0,0,0,0,0,60,0,0,10,"FruiNect","Ref_10","B","Morgane",0,0,20,20,30,20,10,0,"Ref_10",1,"Morgane",0,32.8,"HBW10",1,"HBW10","","",NA,NA,NA,NA,NA,NA,NA,NA,NA,NA,NA,NA,NA
"287",1854,20008,"Passeriformes","Passeriformes","Cisticolidae","Cisticolas and allies",159,"BL3","Cisticola discolor","Brown-backed Cisticola",100,0,0,0,0,0,0,0,0,0,"Invertebrate","Ref_11","B","Morgane",0,0,0,100,0,0,0,0,"Ref_11",0,"Morgane",0,16,"Other",1,"Copied from Cisticola chubbi","","",NA,NA,NA,NA,NA,NA,NA,NA,NA,NA,NA,NA,NA
"288",1857,20019,"Passeriformes","Passeriformes","Sylviidae","Old World warblers",161,"BL3","Bradypterus montis","Javan Bush-warbler",100,0,0,0,0,0,0,0,0,0,"Invertebrate","Ref_11","B","Morgane",0,0,0,50,50,0,0,0,"Ref_11",0,"Morgane",0,14,"HBW11",1,"HBW11","","",NA,NA,NA,NA,NA,NA,NA,NA,NA,NA,NA,NA,NA
"289",1859,20021,"Passeriformes","Passeriformes","Sylviidae","Old World warblers",161,"BL3","Bradypterus timorensis","Timor Bush-warbler",100,0,0,0,0,0,0,0,0,0,"Invertebrate","Ref_11","D1","Jennifer",0,0,50,50,0,0,0,0,"Ref_11",1,"Jessica",0,11.3,"Dunning08",1,"","DataFromSplit","",NA,NA,NA,NA,NA,NA,NA,NA,NA,NA,NA,NA,NA
"290",1866,20046,"Passeriformes","Passeriformes","Timaliidae","Babblers and parrotbills",163,"BL3","Strophocincla fairbanki","Kerala Laughingthrush",0,0,0,0,0,0,100,0,0,0,"FruiNect","Ref_12","A","Jennifer",0,0,30,20,30,20,0,0,"Genus",0,"Walter",0,45.5,"Dunning08",1,"","DataFromSplit","",NA,NA,NA,NA,NA,NA,NA,NA,NA,NA,NA,NA,NA
"291",1883,20084,"Passeriformes","Passeriformes","Alaudidae","Larks",158,"BL3","Certhilauda barlowi","Barlow's Lark",60,0,0,0,0,0,0,0,40,0,"Invertebrate","Ref_9","A","Carolina",0,0,100,0,0,0,0,0,"Ref_9",1,"Jessica",0,28.06,"Dunning08",1,"","DataFromSplit","",NA,NA,NA,NA,NA,NA,NA,NA,NA,NA,NA,NA,NA
"292",1885,20088,"Passeriformes","Passeriformes","Estrildidae","Waxbills, grass finches, munias and allies",169,"BL3","Lagonosticta landanae","Pale-billed Firefinch",20,0,0,0,0,0,0,0,80,0,"PlantSeed","Ref_15","B","Morgane",0,0,100,0,0,0,0,0,"Ref_15",0,"Morgane",0,10.1,"Dunning08",1,"","","",NA,NA,NA,NA,NA,NA,NA,NA,NA,NA,NA,NA,NA
"293",1886,20089,"Passeriformes","Passeriformes","Estrildidae","Waxbills, grass finches, munias and allies",169,"BL3","Lonchura nigriceps","Brown-backed Munia",10,0,0,0,0,0,10,0,60,20,"PlantSeed","Ref_15","A","Jennifer",0,0,50,50,0,0,0,0,"Ref_27",1,"Jessica",0,9.9,"Dunning08",1,"","DataFromSplit","",NA,NA,NA,NA,NA,NA,NA,NA,NA,NA,NA,NA,NA
